ส่วนงาน,ฝ่าย,เลขคำร้อง,เรื่องร้องทุกข์,ประเภทคำร้อง,เขต,ชุมชน,วันที่รับเรื่อง,วันที่เสร็จ,สถานะ,รูปภาพ,ความสำคัญ,รูปภาพหลังแก้ไข,ปิดงานโดย,LINE Token
ส่วนงานจำลอง 01,ฝ่ายจำลอง 01,MOCK-0001,รายการจำลองเร่งด่วนไฟดับ ลำดับ 0001,ประเภทจำลอง 01 - ไฟฟ้า,เขตจำลอง 01,ชุมชนจำลอง 01,01/01/2569,04/01/2569,ประเมินผลเสร็จสิ้น,,สูง,,เจ้าหน้าที่จำลอง 01,
ส่วนงานจำลอง 02,ฝ่ายจำลอง 04,MOCK-0002,รายการจำลองเร่งด่วนไฟดับ ลำดับ 0002,ประเภทจำลอง 02 - ระบายน้ำ,เขตจำลอง 02,ชุมชนจำลอง 06,02/01/2569,12/01/2569,ประเมินผลเสร็จสิ้น,,สูง,,เจ้าหน้าที่จำลอง 02,
ส่วนงานจำลอง 03,ฝ่ายจำลอง 07,MOCK-0003,รายการจำลองเร่งด่วนไฟดับ ลำดับ 0003,ประเภทจำลอง 03 - ถนน,เขตจำลอง 03,ชุมชนจำลอง 11,03/01/2569,20/01/2569,ประเมินผลเสร็จสิ้น,,สูง,,เจ้าหน้าที่จำลอง 03,
ส่วนงานจำลอง 01,ฝ่ายจำลอง 02,MOCK-0004,รายการจำลองซ่อมแซมทั่วไป ลำดับ 0004,ประเภทจำลอง 04 - พื้นที่สาธารณะ,เขตจำลอง 04,ชุมชนจำลอง 04,04/01/2569,28/01/2569,ประเมินผลเสร็จสิ้น,,กลาง,,เจ้าหน้าที่จำลอง 01,
ส่วนงานจำลอง 02,ฝ่ายจำลอง 05,MOCK-0005,รายการจำลองซ่อมแซมทั่วไป ลำดับ 0005,ประเภทจำลอง 05 - อาคาร,เขตจำลอง 05,ชุมชนจำลอง 09,05/01/2569,05/02/2569,ประเมินผลเสร็จสิ้น,mock-complaint-01.svg,กลาง,mock-after-01.svg,เจ้าหน้าที่จำลอง 02,
ส่วนงานจำลอง 03,ฝ่ายจำลอง 08,MOCK-0006,รายการจำลองซ่อมแซมทั่วไป ลำดับ 0006,ประเภทจำลอง 06 - ความสะอาด,เขตจำลอง 06,ชุมชนจำลอง 02,06/01/2569,13/02/2569,ประเมินผลเสร็จสิ้น,,กลาง,,เจ้าหน้าที่จำลอง 03,
ส่วนงานจำลอง 01,ฝ่ายจำลอง 03,MOCK-0007,รายการจำลองซ่อมแซมทั่วไป ลำดับ 0007,ประเภทจำลอง 07 - ป้าย,เขตจำลอง 01,ชุมชนจำลอง 07,07/01/2569,21/02/2569,ประเมินผลเสร็จสิ้น,,กลาง,,เจ้าหน้าที่จำลอง 01,
ส่วนงานจำลอง 02,ฝ่ายจำลอง 06,MOCK-0008,รายการจำลองข้อมูลทั่วไป ลำดับ 0008,ประเภทจำลอง 08 - อื่นๆ,เขตจำลอง 02,ชุมชนจำลอง 12,08/01/2569,01/03/2569,ประเมินผลเสร็จสิ้น,,ต่ำ,,เจ้าหน้าที่จำลอง 02,
ส่วนงานจำลอง 03,ฝ่ายจำลอง 01,MOCK-0009,รายการจำลองข้อมูลทั่วไป ลำดับ 0009,ประเภทจำลอง 01 - ไฟฟ้า,เขตจำลอง 03,ชุมชนจำลอง 05,09/01/2569,16/01/2569,ประเมินผลเสร็จสิ้น,,ต่ำ,,เจ้าหน้าที่จำลอง 03,
ส่วนงานจำลอง 01,ฝ่ายจำลอง 04,MOCK-0010,รายการจำลองข้อมูลทั่วไป ลำดับ 0010,ประเภทจำลอง 02 - ระบายน้ำ,เขตจำลอง 04,ชุมชนจำลอง 10,10/01/2569,24/01/2569,ประเมินผลเสร็จสิ้น,,ต่ำ,,เจ้าหน้าที่จำลอง 01,
ส่วนงานจำลอง 02,ฝ่ายจำลอง 07,MOCK-0011,รายการจำลองเร่งด่วนไฟดับ ลำดับ 0011,ประเภทจำลอง 03 - ถนน,เขตจำลอง 05,ชุมชนจำลอง 03,11/01/2569,01/02/2569,ประเมินผลเสร็จสิ้น,,สูง,,เจ้าหน้าที่จำลอง 02,
ส่วนงานจำลอง 03,ฝ่ายจำลอง 02,MOCK-0012,รายการจำลองเร่งด่วนไฟดับ ลำดับ 0012,ประเภทจำลอง 04 - พื้นที่สาธารณะ,เขตจำลอง 06,ชุมชนจำลอง 08,12/01/2569,09/02/2569,ประเมินผลเสร็จสิ้น,,สูง,,เจ้าหน้าที่จำลอง 03,
ส่วนงานจำลอง 01,ฝ่ายจำลอง 05,MOCK-0013,รายการจำลองเร่งด่วนไฟดับ ลำดับ 0013,ประเภทจำลอง 05 - อาคาร,เขตจำลอง 01,ชุมชนจำลอง 01,13/01/2569,17/02/2569,ประเมินผลเสร็จสิ้น,,สูง,,เจ้าหน้าที่จำลอง 01,
ส่วนงานจำลอง 02,ฝ่ายจำลอง 08,MOCK-0014,รายการจำลองซ่อมแซมทั่วไป ลำดับ 0014,ประเภทจำลอง 06 - ความสะอาด,เขตจำลอง 02,ชุมชนจำลอง 06,14/01/2569,25/02/2569,ประเมินผลเสร็จสิ้น,,กลาง,,เจ้าหน้าที่จำลอง 02,
ส่วนงานจำลอง 03,ฝ่ายจำลอง 03,MOCK-0015,รายการจำลองซ่อมแซมทั่วไป ลำดับ 0015,ประเภทจำลอง 07 - ป้าย,เขตจำลอง 03,ชุมชนจำลอง 11,15/01/2569,05/03/2569,ประเมินผลเสร็จสิ้น,,กลาง,,เจ้าหน้าที่จำลอง 03,
ส่วนงานจำลอง 01,ฝ่ายจำลอง 06,MOCK-0016,รายการจำลองซ่อมแซมทั่วไป ลำดับ 0016,ประเภทจำลอง 08 - อื่นๆ,เขตจำลอง 04,ชุมชนจำลอง 04,16/01/2569,20/01/2569,ประเมินผลเสร็จสิ้น,,กลาง,,เจ้าหน้าที่จำลอง 01,
ส่วนงานจำลอง 02,ฝ่ายจำลอง 01,MOCK-0017,รายการจำลองซ่อมแซมทั่วไป ลำดับ 0017,ประเภทจำลอง 01 - ไฟฟ้า,เขตจำลอง 05,ชุมชนจำลอง 09,17/01/2569,28/01/2569,ประเมินผลเสร็จสิ้น,,กลาง,,เจ้าหน้าที่จำลอง 02,
ส่วนงานจำลอง 03,ฝ่ายจำลอง 04,MOCK-0018,รายการจำลองข้อมูลทั่วไป ลำดับ 0018,ประเภทจำลอง 02 - ระบายน้ำ,เขตจำลอง 06,ชุมชนจำลอง 02,18/01/2569,05/02/2569,ประเมินผลเสร็จสิ้น,,ต่ำ,,เจ้าหน้าที่จำลอง 03,
ส่วนงานจำลอง 01,ฝ่ายจำลอง 07,MOCK-0019,รายการจำลองข้อมูลทั่วไป ลำดับ 0019,ประเภทจำลอง 03 - ถนน,เขตจำลอง 01,ชุมชนจำลอง 07,19/01/2569,13/02/2569,ประเมินผลเสร็จสิ้น,,ต่ำ,,เจ้าหน้าที่จำลอง 01,
ส่วนงานจำลอง 02,ฝ่ายจำลอง 02,MOCK-0020,รายการจำลองข้อมูลทั่วไป ลำดับ 0020,ประเภทจำลอง 04 - พื้นที่สาธารณะ,เขตจำลอง 02,ชุมชนจำลอง 12,20/01/2569,21/02/2569,ประเมินผลเสร็จสิ้น,,ต่ำ,,เจ้าหน้าที่จำลอง 02,
ส่วนงานจำลอง 03,ฝ่ายจำลอง 05,MOCK-0021,รายการจำลองเร่งด่วนไฟดับ ลำดับ 0021,ประเภทจำลอง 05 - อาคาร,เขตจำลอง 03,ชุมชนจำลอง 05,21/01/2569,01/03/2569,ประเมินผลเสร็จสิ้น,,สูง,,เจ้าหน้าที่จำลอง 03,
ส่วนงานจำลอง 01,ฝ่ายจำลอง 08,MOCK-0022,รายการจำลองเร่งด่วนไฟดับ ลำดับ 0022,ประเภทจำลอง 06 - ความสะอาด,เขตจำลอง 04,ชุมชนจำลอง 10,22/01/2569,09/03/2569,ประเมินผลเสร็จสิ้น,,สูง,,เจ้าหน้าที่จำลอง 01,
ส่วนงานจำลอง 02,ฝ่ายจำลอง 03,MOCK-0023,รายการจำลองเร่งด่วนไฟดับ ลำดับ 0023,ประเภทจำลอง 07 - ป้าย,เขตจำลอง 05,ชุมชนจำลอง 03,23/01/2569,17/03/2569,ประเมินผลเสร็จสิ้น,,สูง,,เจ้าหน้าที่จำลอง 02,
ส่วนงานจำลอง 03,ฝ่ายจำลอง 06,MOCK-0024,รายการจำลองซ่อมแซมทั่วไป ลำดับ 0024,ประเภทจำลอง 08 - อื่นๆ,เขตจำลอง 06,ชุมชนจำลอง 08,24/01/2569,01/02/2569,ประเมินผลเสร็จสิ้น,,กลาง,,เจ้าหน้าที่จำลอง 03,
ส่วนงานจำลอง 01,ฝ่ายจำลอง 01,MOCK-0025,รายการจำลองซ่อมแซมทั่วไป ลำดับ 0025,ประเภทจำลอง 01 - ไฟฟ้า,เขตจำลอง 01,ชุมชนจำลอง 01,25/01/2569,09/02/2569,ประเมินผลเสร็จสิ้น,,กลาง,,เจ้าหน้าที่จำลอง 01,
ส่วนงานจำลอง 02,ฝ่ายจำลอง 04,MOCK-0026,รายการจำลองซ่อมแซมทั่วไป ลำดับ 0026,ประเภทจำลอง 02 - ระบายน้ำ,เขตจำลอง 02,ชุมชนจำลอง 06,26/01/2569,17/02/2569,ประเมินผลเสร็จสิ้น,,กลาง,,เจ้าหน้าที่จำลอง 02,
ส่วนงานจำลอง 03,ฝ่ายจำลอง 07,MOCK-0027,รายการจำลองซ่อมแซมทั่วไป ลำดับ 0027,ประเภทจำลอง 03 - ถนน,เขตจำลอง 03,ชุมชนจำลอง 11,27/01/2569,25/02/2569,ประเมินผลเสร็จสิ้น,,กลาง,,เจ้าหน้าที่จำลอง 03,
ส่วนงานจำลอง 01,ฝ่ายจำลอง 02,MOCK-0028,รายการจำลองข้อมูลทั่วไป ลำดับ 0028,ประเภทจำลอง 04 - พื้นที่สาธารณะ,เขตจำลอง 04,ชุมชนจำลอง 04,28/01/2569,05/03/2569,ประเมินผลเสร็จสิ้น,,ต่ำ,,เจ้าหน้าที่จำลอง 01,
ส่วนงานจำลอง 02,ฝ่ายจำลอง 05,MOCK-0029,รายการจำลองข้อมูลทั่วไป ลำดับ 0029,ประเภทจำลอง 05 - อาคาร,เขตจำลอง 05,ชุมชนจำลอง 09,29/01/2569,13/03/2569,ประเมินผลเสร็จสิ้น,,ต่ำ,,เจ้าหน้าที่จำลอง 02,
ส่วนงานจำลอง 03,ฝ่ายจำลอง 08,MOCK-0030,รายการจำลองข้อมูลทั่วไป ลำดับ 0030,ประเภทจำลอง 06 - ความสะอาด,เขตจำลอง 06,ชุมชนจำลอง 02,30/01/2569,21/03/2569,ประเมินผลเสร็จสิ้น,,ต่ำ,,เจ้าหน้าที่จำลอง 03,
ส่วนงานจำลอง 01,ฝ่ายจำลอง 03,MOCK-0031,รายการจำลองเร่งด่วนไฟดับ ลำดับ 0031,ประเภทจำลอง 07 - ป้าย,เขตจำลอง 01,ชุมชนจำลอง 07,31/01/2569,05/02/2569,ประเมินผลเสร็จสิ้น,,สูง,,เจ้าหน้าที่จำลอง 01,
ส่วนงานจำลอง 02,ฝ่ายจำลอง 06,MOCK-0032,รายการจำลองเร่งด่วนไฟดับ ลำดับ 0032,ประเภทจำลอง 08 - อื่นๆ,เขตจำลอง 02,ชุมชนจำลอง 12,01/02/2569,13/02/2569,ประเมินผลเสร็จสิ้น,,สูง,,เจ้าหน้าที่จำลอง 02,
ส่วนงานจำลอง 03,ฝ่ายจำลอง 01,MOCK-0033,รายการจำลองเร่งด่วนไฟดับ ลำดับ 0033,ประเภทจำลอง 01 - ไฟฟ้า,เขตจำลอง 03,ชุมชนจำลอง 05,02/02/2569,21/02/2569,ประเมินผลเสร็จสิ้น,,สูง,,เจ้าหน้าที่จำลอง 03,
ส่วนงานจำลอง 01,ฝ่ายจำลอง 04,MOCK-0034,รายการจำลองซ่อมแซมทั่วไป ลำดับ 0034,ประเภทจำลอง 02 - ระบายน้ำ,เขตจำลอง 04,ชุมชนจำลอง 10,03/02/2569,01/03/2569,ประเมินผลเสร็จสิ้น,,กลาง,,เจ้าหน้าที่จำลอง 01,
ส่วนงานจำลอง 02,ฝ่ายจำลอง 07,MOCK-0035,รายการจำลองซ่อมแซมทั่วไป ลำดับ 0035,ประเภทจำลอง 03 - ถนน,เขตจำลอง 05,ชุมชนจำลอง 03,04/02/2569,09/03/2569,ประเมินผลเสร็จสิ้น,,กลาง,,เจ้าหน้าที่จำลอง 02,
ส่วนงานจำลอง 03,ฝ่ายจำลอง 02,MOCK-0036,รายการจำลองซ่อมแซมทั่วไป ลำดับ 0036,ประเภทจำลอง 04 - พื้นที่สาธารณะ,เขตจำลอง 06,ชุมชนจำลอง 08,05/02/2569,17/03/2569,ประเมินผลเสร็จสิ้น,,กลาง,,เจ้าหน้าที่จำลอง 03,
ส่วนงานจำลอง 01,ฝ่ายจำลอง 05,MOCK-0037,รายการจำลองซ่อมแซมทั่วไป ลำดับ 0037,ประเภทจำลอง 05 - อาคาร,เขตจำลอง 01,ชุมชนจำลอง 01,06/02/2569,25/03/2569,ประเมินผลเสร็จสิ้น,,กลาง,,เจ้าหน้าที่จำลอง 01,
ส่วนงานจำลอง 02,ฝ่ายจำลอง 08,MOCK-0038,รายการจำลองข้อมูลทั่วไป ลำดับ 0038,ประเภทจำลอง 06 - ความสะอาด,เขตจำลอง 02,ชุมชนจำลอง 06,07/02/2569,02/04/2569,ประเมินผลเสร็จสิ้น,,ต่ำ,,เจ้าหน้าที่จำลอง 02,
ส่วนงานจำลอง 03,ฝ่ายจำลอง 03,MOCK-0039,รายการจำลองข้อมูลทั่วไป ลำดับ 0039,ประเภทจำลอง 07 - ป้าย,เขตจำลอง 03,ชุมชนจำลอง 11,08/02/2569,17/02/2569,ประเมินผลเสร็จสิ้น,,ต่ำ,,เจ้าหน้าที่จำลอง 03,
ส่วนงานจำลอง 01,ฝ่ายจำลอง 06,MOCK-0040,รายการจำลองข้อมูลทั่วไป ลำดับ 0040,ประเภทจำลอง 08 - อื่นๆ,เขตจำลอง 04,ชุมชนจำลอง 04,09/02/2569,25/02/2569,ประเมินผลเสร็จสิ้น,,ต่ำ,,เจ้าหน้าที่จำลอง 01,
ส่วนงานจำลอง 02,ฝ่ายจำลอง 01,MOCK-0041,รายการจำลองเร่งด่วนไฟดับ ลำดับ 0041,ประเภทจำลอง 01 - ไฟฟ้า,เขตจำลอง 05,ชุมชนจำลอง 09,10/02/2569,05/03/2569,ประเมินผลเสร็จสิ้น,,สูง,,เจ้าหน้าที่จำลอง 02,
ส่วนงานจำลอง 03,ฝ่ายจำลอง 04,MOCK-0042,รายการจำลองเร่งด่วนไฟดับ ลำดับ 0042,ประเภทจำลอง 02 - ระบายน้ำ,เขตจำลอง 06,ชุมชนจำลอง 02,11/02/2569,13/03/2569,ประเมินผลเสร็จสิ้น,,สูง,,เจ้าหน้าที่จำลอง 03,
ส่วนงานจำลอง 01,ฝ่ายจำลอง 07,MOCK-0043,รายการจำลองเร่งด่วนไฟดับ ลำดับ 0043,ประเภทจำลอง 03 - ถนน,เขตจำลอง 01,ชุมชนจำลอง 07,12/02/2569,21/03/2569,ประเมินผลเสร็จสิ้น,,สูง,,เจ้าหน้าที่จำลอง 01,
ส่วนงานจำลอง 02,ฝ่ายจำลอง 02,MOCK-0044,รายการจำลองซ่อมแซมทั่วไป ลำดับ 0044,ประเภทจำลอง 04 - พื้นที่สาธารณะ,เขตจำลอง 02,ชุมชนจำลอง 12,13/02/2569,29/03/2569,ประเมินผลเสร็จสิ้น,,กลาง,,เจ้าหน้าที่จำลอง 02,
ส่วนงานจำลอง 03,ฝ่ายจำลอง 05,MOCK-0045,รายการจำลองซ่อมแซมทั่วไป ลำดับ 0045,ประเภทจำลอง 05 - อาคาร,เขตจำลอง 03,ชุมชนจำลอง 05,14/02/2569,06/04/2569,ประเมินผลเสร็จสิ้น,,กลาง,,เจ้าหน้าที่จำลอง 03,
ส่วนงานจำลอง 01,ฝ่ายจำลอง 08,MOCK-0046,รายการจำลองซ่อมแซมทั่วไป ลำดับ 0046,ประเภทจำลอง 06 - ความสะอาด,เขตจำลอง 04,ชุมชนจำลอง 10,15/02/2569,21/02/2569,ประเมินผลเสร็จสิ้น,,กลาง,,เจ้าหน้าที่จำลอง 01,
ส่วนงานจำลอง 02,ฝ่ายจำลอง 03,MOCK-0047,รายการจำลองซ่อมแซมทั่วไป ลำดับ 0047,ประเภทจำลอง 07 - ป้าย,เขตจำลอง 05,ชุมชนจำลอง 03,16/02/2569,01/03/2569,ประเมินผลเสร็จสิ้น,,กลาง,,เจ้าหน้าที่จำลอง 02,
ส่วนงานจำลอง 03,ฝ่ายจำลอง 06,MOCK-0048,รายการจำลองข้อมูลทั่วไป ลำดับ 0048,ประเภทจำลอง 08 - อื่นๆ,เขตจำลอง 06,ชุมชนจำลอง 08,17/02/2569,09/03/2569,ประเมินผลเสร็จสิ้น,,ต่ำ,,เจ้าหน้าที่จำลอง 03,
ส่วนงานจำลอง 01,ฝ่ายจำลอง 01,MOCK-0049,รายการจำลองข้อมูลทั่วไป ลำดับ 0049,ประเภทจำลอง 01 - ไฟฟ้า,เขตจำลอง 01,ชุมชนจำลอง 01,18/02/2569,17/03/2569,ประเมินผลเสร็จสิ้น,,ต่ำ,,เจ้าหน้าที่จำลอง 01,
ส่วนงานจำลอง 02,ฝ่ายจำลอง 04,MOCK-0050,รายการจำลองข้อมูลทั่วไป ลำดับ 0050,ประเภทจำลอง 02 - ระบายน้ำ,เขตจำลอง 02,ชุมชนจำลอง 06,19/02/2569,25/03/2569,ประเมินผลเสร็จสิ้น,,ต่ำ,,เจ้าหน้าที่จำลอง 02,
ส่วนงานจำลอง 03,ฝ่ายจำลอง 07,MOCK-0051,รายการจำลองเร่งด่วนไฟดับ ลำดับ 0051,ประเภทจำลอง 03 - ถนน,เขตจำลอง 03,ชุมชนจำลอง 11,20/02/2569,02/04/2569,ประเมินผลเสร็จสิ้น,,สูง,,เจ้าหน้าที่จำลอง 03,
ส่วนงานจำลอง 01,ฝ่ายจำลอง 02,MOCK-0052,รายการจำลองเร่งด่วนไฟดับ ลำดับ 0052,ประเภทจำลอง 04 - พื้นที่สาธารณะ,เขตจำลอง 04,ชุมชนจำลอง 04,21/02/2569,10/04/2569,ประเมินผลเสร็จสิ้น,,สูง,,เจ้าหน้าที่จำลอง 01,
ส่วนงานจำลอง 02,ฝ่ายจำลอง 05,MOCK-0053,รายการจำลองเร่งด่วนไฟดับ ลำดับ 0053,ประเภทจำลอง 05 - อาคาร,เขตจำลอง 05,ชุมชนจำลอง 09,22/02/2569,25/02/2569,ประเมินผลเสร็จสิ้น,,สูง,,เจ้าหน้าที่จำลอง 02,
ส่วนงานจำลอง 03,ฝ่ายจำลอง 08,MOCK-0054,รายการจำลองซ่อมแซมทั่วไป ลำดับ 0054,ประเภทจำลอง 06 - ความสะอาด,เขตจำลอง 06,ชุมชนจำลอง 02,23/02/2569,05/03/2569,ประเมินผลเสร็จสิ้น,,กลาง,,เจ้าหน้าที่จำลอง 03,
ส่วนงานจำลอง 01,ฝ่ายจำลอง 03,MOCK-0055,รายการจำลองซ่อมแซมทั่วไป ลำดับ 0055,ประเภทจำลอง 07 - ป้าย,เขตจำลอง 01,ชุมชนจำลอง 07,24/02/2569,13/03/2569,ประเมินผลเสร็จสิ้น,,กลาง,,เจ้าหน้าที่จำลอง 01,
ส่วนงานจำลอง 02,ฝ่ายจำลอง 06,MOCK-0056,รายการจำลองซ่อมแซมทั่วไป ลำดับ 0056,ประเภทจำลอง 08 - อื่นๆ,เขตจำลอง 02,ชุมชนจำลอง 12,25/02/2569,21/03/2569,ประเมินผลเสร็จสิ้น,,กลาง,,เจ้าหน้าที่จำลอง 02,
ส่วนงานจำลอง 03,ฝ่ายจำลอง 01,MOCK-0057,รายการจำลองซ่อมแซมทั่วไป ลำดับ 0057,ประเภทจำลอง 01 - ไฟฟ้า,เขตจำลอง 03,ชุมชนจำลอง 05,26/02/2569,29/03/2569,ประเมินผลเสร็จสิ้น,,กลาง,,เจ้าหน้าที่จำลอง 03,
ส่วนงานจำลอง 01,ฝ่ายจำลอง 04,MOCK-0058,รายการจำลองข้อมูลทั่วไป ลำดับ 0058,ประเภทจำลอง 02 - ระบายน้ำ,เขตจำลอง 04,ชุมชนจำลอง 10,27/02/2569,06/04/2569,ประเมินผลเสร็จสิ้น,,ต่ำ,,เจ้าหน้าที่จำลอง 01,
ส่วนงานจำลอง 02,ฝ่ายจำลอง 07,MOCK-0059,รายการจำลองข้อมูลทั่วไป ลำดับ 0059,ประเภทจำลอง 03 - ถนน,เขตจำลอง 05,ชุมชนจำลอง 03,28/02/2569,14/04/2569,ประเมินผลเสร็จสิ้น,,ต่ำ,,เจ้าหน้าที่จำลอง 02,
ส่วนงานจำลอง 03,ฝ่ายจำลอง 02,MOCK-0060,รายการจำลองข้อมูลทั่วไป ลำดับ 0060,ประเภทจำลอง 04 - พื้นที่สาธารณะ,เขตจำลอง 06,ชุมชนจำลอง 08,01/03/2569,22/04/2569,ประเมินผลเสร็จสิ้น,,ต่ำ,,เจ้าหน้าที่จำลอง 03,
ส่วนงานจำลอง 01,ฝ่ายจำลอง 05,MOCK-0061,รายการจำลองเร่งด่วนไฟดับ ลำดับ 0061,ประเภทจำลอง 05 - อาคาร,เขตจำลอง 01,ชุมชนจำลอง 01,02/03/2569,09/03/2569,ประเมินผลเสร็จสิ้น,,สูง,,เจ้าหน้าที่จำลอง 01,
ส่วนงานจำลอง 02,ฝ่ายจำลอง 08,MOCK-0062,รายการจำลองเร่งด่วนไฟดับ ลำดับ 0062,ประเภทจำลอง 06 - ความสะอาด,เขตจำลอง 02,ชุมชนจำลอง 06,03/03/2569,17/03/2569,ประเมินผลเสร็จสิ้น,,สูง,,เจ้าหน้าที่จำลอง 02,
ส่วนงานจำลอง 03,ฝ่ายจำลอง 03,MOCK-0063,รายการจำลองเร่งด่วนไฟดับ ลำดับ 0063,ประเภทจำลอง 07 - ป้าย,เขตจำลอง 03,ชุมชนจำลอง 11,04/03/2569,25/03/2569,ประเมินผลเสร็จสิ้น,,สูง,,เจ้าหน้าที่จำลอง 03,
ส่วนงานจำลอง 01,ฝ่ายจำลอง 06,MOCK-0064,รายการจำลองซ่อมแซมทั่วไป ลำดับ 0064,ประเภทจำลอง 08 - อื่นๆ,เขตจำลอง 04,ชุมชนจำลอง 04,05/03/2569,02/04/2569,ประเมินผลเสร็จสิ้น,,กลาง,,เจ้าหน้าที่จำลอง 01,
ส่วนงานจำลอง 02,ฝ่ายจำลอง 01,MOCK-0065,รายการจำลองซ่อมแซมทั่วไป ลำดับ 0065,ประเภทจำลอง 01 - ไฟฟ้า,เขตจำลอง 05,ชุมชนจำลอง 09,06/03/2569,10/04/2569,ประเมินผลเสร็จสิ้น,,กลาง,,เจ้าหน้าที่จำลอง 02,
ส่วนงานจำลอง 03,ฝ่ายจำลอง 04,MOCK-0066,รายการจำลองซ่อมแซมทั่วไป ลำดับ 0066,ประเภทจำลอง 02 - ระบายน้ำ,เขตจำลอง 06,ชุมชนจำลอง 02,07/03/2569,18/04/2569,ประเมินผลเสร็จสิ้น,,กลาง,,เจ้าหน้าที่จำลอง 03,
ส่วนงานจำลอง 01,ฝ่ายจำลอง 07,MOCK-0067,รายการจำลองซ่อมแซมทั่วไป ลำดับ 0067,ประเภทจำลอง 03 - ถนน,เขตจำลอง 01,ชุมชนจำลอง 07,08/03/2569,26/04/2569,ประเมินผลเสร็จสิ้น,,กลาง,,เจ้าหน้าที่จำลอง 01,
ส่วนงานจำลอง 02,ฝ่ายจำลอง 02,MOCK-0068,รายการจำลองข้อมูลทั่วไป ลำดับ 0068,ประเภทจำลอง 04 - พื้นที่สาธารณะ,เขตจำลอง 02,ชุมชนจำลอง 12,09/03/2569,13/03/2569,ประเมินผลเสร็จสิ้น,,ต่ำ,,เจ้าหน้าที่จำลอง 02,
ส่วนงานจำลอง 03,ฝ่ายจำลอง 05,MOCK-0069,รายการจำลองข้อมูลทั่วไป ลำดับ 0069,ประเภทจำลอง 05 - อาคาร,เขตจำลอง 03,ชุมชนจำลอง 05,10/03/2569,21/03/2569,ประเมินผลเสร็จสิ้น,,ต่ำ,,เจ้าหน้าที่จำลอง 03,
ส่วนงานจำลอง 01,ฝ่ายจำลอง 08,MOCK-0070,รายการจำลองข้อมูลทั่วไป ลำดับ 0070,ประเภทจำลอง 06 - ความสะอาด,เขตจำลอง 04,ชุมชนจำลอง 10,11/03/2569,29/03/2569,ประเมินผลเสร็จสิ้น,,ต่ำ,,เจ้าหน้าที่จำลอง 01,
ส่วนงานจำลอง 02,ฝ่ายจำลอง 03,MOCK-0071,รายการจำลองเร่งด่วนไฟดับ ลำดับ 0071,ประเภทจำลอง 07 - ป้าย,เขตจำลอง 05,ชุมชนจำลอง 03,12/03/2569,06/04/2569,ประเมินผลเสร็จสิ้น,,สูง,,เจ้าหน้าที่จำลอง 02,
ส่วนงานจำลอง 03,ฝ่ายจำลอง 06,MOCK-0072,รายการจำลองเร่งด่วนไฟดับ ลำดับ 0072,ประเภทจำลอง 08 - อื่นๆ,เขตจำลอง 06,ชุมชนจำลอง 08,13/03/2569,14/04/2569,ประเมินผลเสร็จสิ้น,,สูง,,เจ้าหน้าที่จำลอง 03,
ส่วนงานจำลอง 01,ฝ่ายจำลอง 01,MOCK-0073,รายการจำลองเร่งด่วนไฟดับ ลำดับ 0073,ประเภทจำลอง 01 - ไฟฟ้า,เขตจำลอง 01,ชุมชนจำลอง 01,14/03/2569,22/04/2569,ประเมินผลเสร็จสิ้น,,สูง,,เจ้าหน้าที่จำลอง 01,
ส่วนงานจำลอง 02,ฝ่ายจำลอง 04,MOCK-0074,รายการจำลองซ่อมแซมทั่วไป ลำดับ 0074,ประเภทจำลอง 02 - ระบายน้ำ,เขตจำลอง 02,ชุมชนจำลอง 06,15/03/2569,30/04/2569,ประเมินผลเสร็จสิ้น,,กลาง,,เจ้าหน้าที่จำลอง 02,
ส่วนงานจำลอง 03,ฝ่ายจำลอง 07,MOCK-0075,รายการจำลองซ่อมแซมทั่วไป ลำดับ 0075,ประเภทจำลอง 03 - ถนน,เขตจำลอง 03,ชุมชนจำลอง 11,16/03/2569,08/05/2569,ประเมินผลเสร็จสิ้น,,กลาง,,เจ้าหน้าที่จำลอง 03,
ส่วนงานจำลอง 01,ฝ่ายจำลอง 02,MOCK-0076,รายการจำลองซ่อมแซมทั่วไป ลำดับ 0076,ประเภทจำลอง 04 - พื้นที่สาธารณะ,เขตจำลอง 04,ชุมชนจำลอง 04,17/03/2569,25/03/2569,ประเมินผลเสร็จสิ้น,,กลาง,,เจ้าหน้าที่จำลอง 01,
ส่วนงานจำลอง 02,ฝ่ายจำลอง 05,MOCK-0077,รายการจำลองซ่อมแซมทั่วไป ลำดับ 0077,ประเภทจำลอง 05 - อาคาร,เขตจำลอง 05,ชุมชนจำลอง 09,18/03/2569,02/04/2569,ประเมินผลเสร็จสิ้น,,กลาง,,เจ้าหน้าที่จำลอง 02,
ส่วนงานจำลอง 03,ฝ่ายจำลอง 08,MOCK-0078,รายการจำลองข้อมูลทั่วไป ลำดับ 0078,ประเภทจำลอง 06 - ความสะอาด,เขตจำลอง 06,ชุมชนจำลอง 02,19/03/2569,10/04/2569,ประเมินผลเสร็จสิ้น,,ต่ำ,,เจ้าหน้าที่จำลอง 03,
ส่วนงานจำลอง 01,ฝ่ายจำลอง 03,MOCK-0079,รายการจำลองข้อมูลทั่วไป ลำดับ 0079,ประเภทจำลอง 07 - ป้าย,เขตจำลอง 01,ชุมชนจำลอง 07,20/03/2569,18/04/2569,ประเมินผลเสร็จสิ้น,,ต่ำ,,เจ้าหน้าที่จำลอง 01,
ส่วนงานจำลอง 02,ฝ่ายจำลอง 06,MOCK-0080,รายการจำลองข้อมูลทั่วไป ลำดับ 0080,ประเภทจำลอง 08 - อื่นๆ,เขตจำลอง 02,ชุมชนจำลอง 12,21/03/2569,26/04/2569,ประเมินผลเสร็จสิ้น,,ต่ำ,,เจ้าหน้าที่จำลอง 02,
ส่วนงานจำลอง 03,ฝ่ายจำลอง 01,MOCK-0081,รายการจำลองเร่งด่วนไฟดับ ลำดับ 0081,ประเภทจำลอง 01 - ไฟฟ้า,เขตจำลอง 03,ชุมชนจำลอง 05,22/03/2569,04/05/2569,ประเมินผลเสร็จสิ้น,,สูง,,เจ้าหน้าที่จำลอง 03,
ส่วนงานจำลอง 01,ฝ่ายจำลอง 04,MOCK-0082,รายการจำลองเร่งด่วนไฟดับ ลำดับ 0082,ประเภทจำลอง 02 - ระบายน้ำ,เขตจำลอง 04,ชุมชนจำลอง 10,23/03/2569,12/05/2569,ประเมินผลเสร็จสิ้น,,สูง,,เจ้าหน้าที่จำลอง 01,
ส่วนงานจำลอง 02,ฝ่ายจำลอง 07,MOCK-0083,รายการจำลองเร่งด่วนไฟดับ ลำดับ 0083,ประเภทจำลอง 03 - ถนน,เขตจำลอง 05,ชุมชนจำลอง 03,24/03/2569,29/03/2569,ประเมินผลเสร็จสิ้น,,สูง,,เจ้าหน้าที่จำลอง 02,
ส่วนงานจำลอง 03,ฝ่ายจำลอง 02,MOCK-0084,รายการจำลองซ่อมแซมทั่วไป ลำดับ 0084,ประเภทจำลอง 04 - พื้นที่สาธารณะ,เขตจำลอง 06,ชุมชนจำลอง 08,25/03/2569,06/04/2569,ประเมินผลเสร็จสิ้น,,กลาง,,เจ้าหน้าที่จำลอง 03,
ส่วนงานจำลอง 01,ฝ่ายจำลอง 05,MOCK-0085,รายการจำลองซ่อมแซมทั่วไป ลำดับ 0085,ประเภทจำลอง 05 - อาคาร,เขตจำลอง 01,ชุมชนจำลอง 01,26/03/2569,14/04/2569,ประเมินผลเสร็จสิ้น,,กลาง,,เจ้าหน้าที่จำลอง 01,
ส่วนงานจำลอง 02,ฝ่ายจำลอง 08,MOCK-0086,รายการจำลองซ่อมแซมทั่วไป ลำดับ 0086,ประเภทจำลอง 06 - ความสะอาด,เขตจำลอง 02,ชุมชนจำลอง 06,27/03/2569,22/04/2569,ประเมินผลเสร็จสิ้น,,กลาง,,เจ้าหน้าที่จำลอง 02,
ส่วนงานจำลอง 03,ฝ่ายจำลอง 03,MOCK-0087,รายการจำลองซ่อมแซมทั่วไป ลำดับ 0087,ประเภทจำลอง 07 - ป้าย,เขตจำลอง 03,ชุมชนจำลอง 11,28/03/2569,30/04/2569,ประเมินผลเสร็จสิ้น,,กลาง,,เจ้าหน้าที่จำลอง 03,
ส่วนงานจำลอง 01,ฝ่ายจำลอง 06,MOCK-0088,รายการจำลองข้อมูลทั่วไป ลำดับ 0088,ประเภทจำลอง 08 - อื่นๆ,เขตจำลอง 04,ชุมชนจำลอง 04,29/03/2569,08/05/2569,ประเมินผลเสร็จสิ้น,,ต่ำ,,เจ้าหน้าที่จำลอง 01,
ส่วนงานจำลอง 02,ฝ่ายจำลอง 01,MOCK-0089,รายการจำลองข้อมูลทั่วไป ลำดับ 0089,ประเภทจำลอง 01 - ไฟฟ้า,เขตจำลอง 05,ชุมชนจำลอง 09,30/03/2569,16/05/2569,ประเมินผลเสร็จสิ้น,,ต่ำ,,เจ้าหน้าที่จำลอง 02,
ส่วนงานจำลอง 03,ฝ่ายจำลอง 04,MOCK-0090,รายการจำลองข้อมูลทั่วไป ลำดับ 0090,ประเภทจำลอง 02 - ระบายน้ำ,เขตจำลอง 06,ชุมชนจำลอง 02,31/03/2569,24/05/2569,ประเมินผลเสร็จสิ้น,,ต่ำ,,เจ้าหน้าที่จำลอง 03,
ส่วนงานจำลอง 01,ฝ่ายจำลอง 07,MOCK-0091,รายการจำลองเร่งด่วนไฟดับ ลำดับ 0091,ประเภทจำลอง 03 - ถนน,เขตจำลอง 01,ชุมชนจำลอง 07,01/04/2569,10/04/2569,ประเมินผลเสร็จสิ้น,,สูง,,เจ้าหน้าที่จำลอง 01,
ส่วนงานจำลอง 02,ฝ่ายจำลอง 02,MOCK-0092,รายการจำลองเร่งด่วนไฟดับ ลำดับ 0092,ประเภทจำลอง 04 - พื้นที่สาธารณะ,เขตจำลอง 02,ชุมชนจำลอง 12,02/04/2569,18/04/2569,ประเมินผลเสร็จสิ้น,,สูง,,เจ้าหน้าที่จำลอง 02,
ส่วนงานจำลอง 03,ฝ่ายจำลอง 05,MOCK-0093,รายการจำลองเร่งด่วนไฟดับ ลำดับ 0093,ประเภทจำลอง 05 - อาคาร,เขตจำลอง 03,ชุมชนจำลอง 05,03/04/2569,26/04/2569,ประเมินผลเสร็จสิ้น,,สูง,,เจ้าหน้าที่จำลอง 03,
ส่วนงานจำลอง 01,ฝ่ายจำลอง 08,MOCK-0094,รายการจำลองซ่อมแซมทั่วไป ลำดับ 0094,ประเภทจำลอง 06 - ความสะอาด,เขตจำลอง 04,ชุมชนจำลอง 10,04/04/2569,04/05/2569,ประเมินผลเสร็จสิ้น,,กลาง,,เจ้าหน้าที่จำลอง 01,
ส่วนงานจำลอง 02,ฝ่ายจำลอง 03,MOCK-0095,รายการจำลองซ่อมแซมทั่วไป ลำดับ 0095,ประเภทจำลอง 07 - ป้าย,เขตจำลอง 05,ชุมชนจำลอง 03,05/04/2569,12/05/2569,ประเมินผลเสร็จสิ้น,,กลาง,,เจ้าหน้าที่จำลอง 02,
ส่วนงานจำลอง 03,ฝ่ายจำลอง 06,MOCK-0096,รายการจำลองซ่อมแซมทั่วไป ลำดับ 0096,ประเภทจำลอง 08 - อื่นๆ,เขตจำลอง 06,ชุมชนจำลอง 08,06/04/2569,20/05/2569,ประเมินผลเสร็จสิ้น,,กลาง,,เจ้าหน้าที่จำลอง 03,
ส่วนงานจำลอง 01,ฝ่ายจำลอง 01,MOCK-0097,รายการจำลองซ่อมแซมทั่วไป ลำดับ 0097,ประเภทจำลอง 01 - ไฟฟ้า,เขตจำลอง 01,ชุมชนจำลอง 01,07/04/2569,28/05/2569,ประเมินผลเสร็จสิ้น,,กลาง,,เจ้าหน้าที่จำลอง 01,
ส่วนงานจำลอง 02,ฝ่ายจำลอง 04,MOCK-0098,รายการจำลองข้อมูลทั่วไป ลำดับ 0098,ประเภทจำลอง 02 - ระบายน้ำ,เขตจำลอง 02,ชุมชนจำลอง 06,08/04/2569,14/04/2569,ประเมินผลเสร็จสิ้น,,ต่ำ,,เจ้าหน้าที่จำลอง 02,
ส่วนงานจำลอง 03,ฝ่ายจำลอง 07,MOCK-0099,รายการจำลองข้อมูลทั่วไป ลำดับ 0099,ประเภทจำลอง 03 - ถนน,เขตจำลอง 03,ชุมชนจำลอง 11,09/04/2569,22/04/2569,ประเมินผลเสร็จสิ้น,,ต่ำ,,เจ้าหน้าที่จำลอง 03,
ส่วนงานจำลอง 01,ฝ่ายจำลอง 02,MOCK-0100,รายการจำลองข้อมูลทั่วไป ลำดับ 0100,ประเภทจำลอง 04 - พื้นที่สาธารณะ,เขตจำลอง 04,ชุมชนจำลอง 04,10/04/2569,30/04/2569,ประเมินผลเสร็จสิ้น,,ต่ำ,,เจ้าหน้าที่จำลอง 01,
ส่วนงานจำลอง 02,ฝ่ายจำลอง 05,MOCK-0101,รายการจำลองเร่งด่วนไฟดับ ลำดับ 0101,ประเภทจำลอง 05 - อาคาร,เขตจำลอง 05,ชุมชนจำลอง 09,11/04/2569,08/05/2569,ประเมินผลเสร็จสิ้น,,สูง,,เจ้าหน้าที่จำลอง 02,
ส่วนงานจำลอง 03,ฝ่ายจำลอง 08,MOCK-0102,รายการจำลองเร่งด่วนไฟดับ ลำดับ 0102,ประเภทจำลอง 06 - ความสะอาด,เขตจำลอง 06,ชุมชนจำลอง 02,12/04/2569,16/05/2569,ประเมินผลเสร็จสิ้น,,สูง,,เจ้าหน้าที่จำลอง 03,
ส่วนงานจำลอง 01,ฝ่ายจำลอง 03,MOCK-0103,รายการจำลองเร่งด่วนไฟดับ ลำดับ 0103,ประเภทจำลอง 07 - ป้าย,เขตจำลอง 01,ชุมชนจำลอง 07,13/04/2569,24/05/2569,ประเมินผลเสร็จสิ้น,,สูง,,เจ้าหน้าที่จำลอง 01,
ส่วนงานจำลอง 02,ฝ่ายจำลอง 06,MOCK-0104,รายการจำลองซ่อมแซมทั่วไป ลำดับ 0104,ประเภทจำลอง 08 - อื่นๆ,เขตจำลอง 02,ชุมชนจำลอง 12,14/04/2569,01/06/2569,ประเมินผลเสร็จสิ้น,,กลาง,,เจ้าหน้าที่จำลอง 02,
ส่วนงานจำลอง 03,ฝ่ายจำลอง 01,MOCK-0105,รายการจำลองซ่อมแซมทั่วไป ลำดับ 0105,ประเภทจำลอง 01 - ไฟฟ้า,เขตจำลอง 03,ชุมชนจำลอง 05,15/04/2569,18/04/2569,ประเมินผลเสร็จสิ้น,,กลาง,,เจ้าหน้าที่จำลอง 03,
ส่วนงานจำลอง 01,ฝ่ายจำลอง 04,MOCK-0106,รายการจำลองซ่อมแซมทั่วไป ลำดับ 0106,ประเภทจำลอง 02 - ระบายน้ำ,เขตจำลอง 04,ชุมชนจำลอง 10,16/04/2569,26/04/2569,ประเมินผลเสร็จสิ้น,,กลาง,,เจ้าหน้าที่จำลอง 01,
ส่วนงานจำลอง 02,ฝ่ายจำลอง 07,MOCK-0107,รายการจำลองซ่อมแซมทั่วไป ลำดับ 0107,ประเภทจำลอง 03 - ถนน,เขตจำลอง 05,ชุมชนจำลอง 03,17/04/2569,04/05/2569,ประเมินผลเสร็จสิ้น,,กลาง,,เจ้าหน้าที่จำลอง 02,
ส่วนงานจำลอง 03,ฝ่ายจำลอง 02,MOCK-0108,รายการจำลองข้อมูลทั่วไป ลำดับ 0108,ประเภทจำลอง 04 - พื้นที่สาธารณะ,เขตจำลอง 06,ชุมชนจำลอง 08,18/04/2569,12/05/2569,ประเมินผลเสร็จสิ้น,,ต่ำ,,เจ้าหน้าที่จำลอง 03,
ส่วนงานจำลอง 01,ฝ่ายจำลอง 05,MOCK-0109,รายการจำลองข้อมูลทั่วไป ลำดับ 0109,ประเภทจำลอง 05 - อาคาร,เขตจำลอง 01,ชุมชนจำลอง 01,19/04/2569,20/05/2569,ประเมินผลเสร็จสิ้น,,ต่ำ,,เจ้าหน้าที่จำลอง 01,
ส่วนงานจำลอง 02,ฝ่ายจำลอง 08,MOCK-0110,รายการจำลองข้อมูลทั่วไป ลำดับ 0110,ประเภทจำลอง 06 - ความสะอาด,เขตจำลอง 02,ชุมชนจำลอง 06,20/04/2569,28/05/2569,ประเมินผลเสร็จสิ้น,,ต่ำ,,เจ้าหน้าที่จำลอง 02,
ส่วนงานจำลอง 03,ฝ่ายจำลอง 03,MOCK-0111,รายการจำลองเร่งด่วนไฟดับ ลำดับ 0111,ประเภทจำลอง 07 - ป้าย,เขตจำลอง 03,ชุมชนจำลอง 11,21/04/2569,05/06/2569,ประเมินผลเสร็จสิ้น,,สูง,,เจ้าหน้าที่จำลอง 03,
ส่วนงานจำลอง 01,ฝ่ายจำลอง 06,MOCK-0112,รายการจำลองเร่งด่วนไฟดับ ลำดับ 0112,ประเภทจำลอง 08 - อื่นๆ,เขตจำลอง 04,ชุมชนจำลอง 04,22/04/2569,13/06/2569,ประเมินผลเสร็จสิ้น,,สูง,,เจ้าหน้าที่จำลอง 01,
ส่วนงานจำลอง 02,ฝ่ายจำลอง 01,MOCK-0113,รายการจำลองเร่งด่วนไฟดับ ลำดับ 0113,ประเภทจำลอง 01 - ไฟฟ้า,เขตจำลอง 05,ชุมชนจำลอง 09,23/04/2569,30/04/2569,ประเมินผลเสร็จสิ้น,,สูง,,เจ้าหน้าที่จำลอง 02,
ส่วนงานจำลอง 03,ฝ่ายจำลอง 04,MOCK-0114,รายการจำลองซ่อมแซมทั่วไป ลำดับ 0114,ประเภทจำลอง 02 - ระบายน้ำ,เขตจำลอง 06,ชุมชนจำลอง 02,24/04/2569,08/05/2569,ประเมินผลเสร็จสิ้น,,กลาง,,เจ้าหน้าที่จำลอง 03,
ส่วนงานจำลอง 01,ฝ่ายจำลอง 07,MOCK-0115,รายการจำลองซ่อมแซมทั่วไป ลำดับ 0115,ประเภทจำลอง 03 - ถนน,เขตจำลอง 01,ชุมชนจำลอง 07,25/04/2569,16/05/2569,ประเมินผลเสร็จสิ้น,,กลาง,,เจ้าหน้าที่จำลอง 01,
ส่วนงานจำลอง 02,ฝ่ายจำลอง 02,MOCK-0116,รายการจำลองซ่อมแซมทั่วไป ลำดับ 0116,ประเภทจำลอง 04 - พื้นที่สาธารณะ,เขตจำลอง 02,ชุมชนจำลอง 12,26/04/2569,24/05/2569,ประเมินผลเสร็จสิ้น,,กลาง,,เจ้าหน้าที่จำลอง 02,
ส่วนงานจำลอง 03,ฝ่ายจำลอง 05,MOCK-0117,รายการจำลองซ่อมแซมทั่วไป ลำดับ 0117,ประเภทจำลอง 05 - อาคาร,เขตจำลอง 03,ชุมชนจำลอง 05,27/04/2569,01/06/2569,ประเมินผลเสร็จสิ้น,,กลาง,,เจ้าหน้าที่จำลอง 03,
ส่วนงานจำลอง 01,ฝ่ายจำลอง 08,MOCK-0118,รายการจำลองข้อมูลทั่วไป ลำดับ 0118,ประเภทจำลอง 06 - ความสะอาด,เขตจำลอง 04,ชุมชนจำลอง 10,28/04/2569,09/06/2569,ประเมินผลเสร็จสิ้น,,ต่ำ,,เจ้าหน้าที่จำลอง 01,
ส่วนงานจำลอง 02,ฝ่ายจำลอง 03,MOCK-0119,รายการจำลองข้อมูลทั่วไป ลำดับ 0119,ประเภทจำลอง 07 - ป้าย,เขตจำลอง 05,ชุมชนจำลอง 03,29/04/2569,17/06/2569,ประเมินผลเสร็จสิ้น,,ต่ำ,,เจ้าหน้าที่จำลอง 02,
ส่วนงานจำลอง 03,ฝ่ายจำลอง 06,MOCK-0120,รายการจำลองข้อมูลทั่วไป ลำดับ 0120,ประเภทจำลอง 08 - อื่นๆ,เขตจำลอง 06,ชุมชนจำลอง 08,30/04/2569,04/05/2569,ประเมินผลเสร็จสิ้น,,ต่ำ,,เจ้าหน้าที่จำลอง 03,
ส่วนงานจำลอง 01,ฝ่ายจำลอง 01,MOCK-0121,รายการจำลองเร่งด่วนไฟดับ ลำดับ 0121,ประเภทจำลอง 01 - ไฟฟ้า,เขตจำลอง 01,ชุมชนจำลอง 01,01/05/2569,12/05/2569,ประเมินผลเสร็จสิ้น,,สูง,,เจ้าหน้าที่จำลอง 01,
ส่วนงานจำลอง 02,ฝ่ายจำลอง 04,MOCK-0122,รายการจำลองเร่งด่วนไฟดับ ลำดับ 0122,ประเภทจำลอง 02 - ระบายน้ำ,เขตจำลอง 02,ชุมชนจำลอง 06,02/05/2569,20/05/2569,ประเมินผลเสร็จสิ้น,,สูง,,เจ้าหน้าที่จำลอง 02,
ส่วนงานจำลอง 03,ฝ่ายจำลอง 07,MOCK-0123,รายการจำลองเร่งด่วนไฟดับ ลำดับ 0123,ประเภทจำลอง 03 - ถนน,เขตจำลอง 03,ชุมชนจำลอง 11,03/05/2569,28/05/2569,ประเมินผลเสร็จสิ้น,,สูง,,เจ้าหน้าที่จำลอง 03,
ส่วนงานจำลอง 01,ฝ่ายจำลอง 02,MOCK-0124,รายการจำลองซ่อมแซมทั่วไป ลำดับ 0124,ประเภทจำลอง 04 - พื้นที่สาธารณะ,เขตจำลอง 04,ชุมชนจำลอง 04,04/05/2569,05/06/2569,ประเมินผลเสร็จสิ้น,,กลาง,,เจ้าหน้าที่จำลอง 01,
ส่วนงานจำลอง 02,ฝ่ายจำลอง 05,MOCK-0125,รายการจำลองซ่อมแซมทั่วไป ลำดับ 0125,ประเภทจำลอง 05 - อาคาร,เขตจำลอง 05,ชุมชนจำลอง 09,05/05/2569,13/06/2569,ประเมินผลเสร็จสิ้น,,กลาง,,เจ้าหน้าที่จำลอง 02,
ส่วนงานจำลอง 03,ฝ่ายจำลอง 08,MOCK-0126,รายการจำลองซ่อมแซมทั่วไป ลำดับ 0126,ประเภทจำลอง 06 - ความสะอาด,เขตจำลอง 06,ชุมชนจำลอง 02,06/05/2569,21/06/2569,ประเมินผลเสร็จสิ้น,,กลาง,,เจ้าหน้าที่จำลอง 03,
ส่วนงานจำลอง 01,ฝ่ายจำลอง 03,MOCK-0127,รายการจำลองซ่อมแซมทั่วไป ลำดับ 0127,ประเภทจำลอง 07 - ป้าย,เขตจำลอง 01,ชุมชนจำลอง 07,07/05/2569,29/06/2569,ประเมินผลเสร็จสิ้น,,กลาง,,เจ้าหน้าที่จำลอง 01,
ส่วนงานจำลอง 02,ฝ่ายจำลอง 06,MOCK-0128,รายการจำลองข้อมูลทั่วไป ลำดับ 0128,ประเภทจำลอง 08 - อื่นๆ,เขตจำลอง 02,ชุมชนจำลอง 12,08/05/2569,16/05/2569,ประเมินผลเสร็จสิ้น,,ต่ำ,,เจ้าหน้าที่จำลอง 02,
ส่วนงานจำลอง 03,ฝ่ายจำลอง 01,MOCK-0129,รายการจำลองข้อมูลทั่วไป ลำดับ 0129,ประเภทจำลอง 01 - ไฟฟ้า,เขตจำลอง 03,ชุมชนจำลอง 05,09/05/2569,24/05/2569,ประเมินผลเสร็จสิ้น,,ต่ำ,,เจ้าหน้าที่จำลอง 03,
ส่วนงานจำลอง 01,ฝ่ายจำลอง 04,MOCK-0130,รายการจำลองข้อมูลทั่วไป ลำดับ 0130,ประเภทจำลอง 02 - ระบายน้ำ,เขตจำลอง 04,ชุมชนจำลอง 10,10/05/2569,01/06/2569,ประเมินผลเสร็จสิ้น,,ต่ำ,,เจ้าหน้าที่จำลอง 01,
ส่วนงานจำลอง 02,ฝ่ายจำลอง 07,MOCK-0131,รายการจำลองเร่งด่วนไฟดับ ลำดับ 0131,ประเภทจำลอง 03 - ถนน,เขตจำลอง 05,ชุมชนจำลอง 03,11/05/2569,09/06/2569,ประเมินผลเสร็จสิ้น,,สูง,,เจ้าหน้าที่จำลอง 02,
ส่วนงานจำลอง 03,ฝ่ายจำลอง 02,MOCK-0132,รายการจำลองเร่งด่วนไฟดับ ลำดับ 0132,ประเภทจำลอง 04 - พื้นที่สาธารณะ,เขตจำลอง 06,ชุมชนจำลอง 08,12/05/2569,17/06/2569,ประเมินผลเสร็จสิ้น,,สูง,,เจ้าหน้าที่จำลอง 03,
ส่วนงานจำลอง 01,ฝ่ายจำลอง 05,MOCK-0133,รายการจำลองเร่งด่วนไฟดับ ลำดับ 0133,ประเภทจำลอง 05 - อาคาร,เขตจำลอง 01,ชุมชนจำลอง 01,13/05/2569,25/06/2569,ประเมินผลเสร็จสิ้น,,สูง,,เจ้าหน้าที่จำลอง 01,
ส่วนงานจำลอง 02,ฝ่ายจำลอง 08,MOCK-0134,รายการจำลองซ่อมแซมทั่วไป ลำดับ 0134,ประเภทจำลอง 06 - ความสะอาด,เขตจำลอง 02,ชุมชนจำลอง 06,14/05/2569,03/07/2569,ประเมินผลเสร็จสิ้น,,กลาง,,เจ้าหน้าที่จำลอง 02,
ส่วนงานจำลอง 03,ฝ่ายจำลอง 03,MOCK-0135,รายการจำลองซ่อมแซมทั่วไป ลำดับ 0135,ประเภทจำลอง 07 - ป้าย,เขตจำลอง 03,ชุมชนจำลอง 11,15/05/2569,20/05/2569,ประเมินผลเสร็จสิ้น,,กลาง,,เจ้าหน้าที่จำลอง 03,
ส่วนงานจำลอง 01,ฝ่ายจำลอง 06,MOCK-0136,รายการจำลองซ่อมแซมทั่วไป ลำดับ 0136,ประเภทจำลอง 08 - อื่นๆ,เขตจำลอง 04,ชุมชนจำลอง 04,16/05/2569,28/05/2569,ประเมินผลเสร็จสิ้น,,กลาง,,เจ้าหน้าที่จำลอง 01,
ส่วนงานจำลอง 02,ฝ่ายจำลอง 01,MOCK-0137,รายการจำลองซ่อมแซมทั่วไป ลำดับ 0137,ประเภทจำลอง 01 - ไฟฟ้า,เขตจำลอง 05,ชุมชนจำลอง 09,17/05/2569,05/06/2569,ประเมินผลเสร็จสิ้น,,กลาง,,เจ้าหน้าที่จำลอง 02,
ส่วนงานจำลอง 03,ฝ่ายจำลอง 04,MOCK-0138,รายการจำลองข้อมูลทั่วไป ลำดับ 0138,ประเภทจำลอง 02 - ระบายน้ำ,เขตจำลอง 06,ชุมชนจำลอง 02,18/05/2569,13/06/2569,ประเมินผลเสร็จสิ้น,,ต่ำ,,เจ้าหน้าที่จำลอง 03,
ส่วนงานจำลอง 01,ฝ่ายจำลอง 07,MOCK-0139,รายการจำลองข้อมูลทั่วไป ลำดับ 0139,ประเภทจำลอง 03 - ถนน,เขตจำลอง 01,ชุมชนจำลอง 07,19/05/2569,21/06/2569,ประเมินผลเสร็จสิ้น,,ต่ำ,,เจ้าหน้าที่จำลอง 01,
ส่วนงานจำลอง 02,ฝ่ายจำลอง 02,MOCK-0140,รายการจำลองข้อมูลทั่วไป ลำดับ 0140,ประเภทจำลอง 04 - พื้นที่สาธารณะ,เขตจำลอง 02,ชุมชนจำลอง 12,20/05/2569,29/06/2569,ประเมินผลเสร็จสิ้น,,ต่ำ,,เจ้าหน้าที่จำลอง 02,
ส่วนงานจำลอง 03,ฝ่ายจำลอง 05,MOCK-0141,รายการจำลองเร่งด่วนไฟดับ ลำดับ 0141,ประเภทจำลอง 05 - อาคาร,เขตจำลอง 03,ชุมชนจำลอง 05,21/05/2569,07/07/2569,ประเมินผลเสร็จสิ้น,,สูง,,เจ้าหน้าที่จำลอง 03,
ส่วนงานจำลอง 01,ฝ่ายจำลอง 08,MOCK-0142,รายการจำลองเร่งด่วนไฟดับ ลำดับ 0142,ประเภทจำลอง 06 - ความสะอาด,เขตจำลอง 04,ชุมชนจำลอง 10,22/05/2569,15/07/2569,ประเมินผลเสร็จสิ้น,,สูง,,เจ้าหน้าที่จำลอง 01,
ส่วนงานจำลอง 02,ฝ่ายจำลอง 03,MOCK-0143,รายการจำลองเร่งด่วนไฟดับ ลำดับ 0143,ประเภทจำลอง 07 - ป้าย,เขตจำลอง 05,ชุมชนจำลอง 03,23/05/2569,01/06/2569,ประเมินผลเสร็จสิ้น,,สูง,,เจ้าหน้าที่จำลอง 02,
ส่วนงานจำลอง 03,ฝ่ายจำลอง 06,MOCK-0144,รายการจำลองซ่อมแซมทั่วไป ลำดับ 0144,ประเภทจำลอง 08 - อื่นๆ,เขตจำลอง 06,ชุมชนจำลอง 08,24/05/2569,09/06/2569,ประเมินผลเสร็จสิ้น,,กลาง,,เจ้าหน้าที่จำลอง 03,
ส่วนงานจำลอง 01,ฝ่ายจำลอง 01,MOCK-0145,รายการจำลองซ่อมแซมทั่วไป ลำดับ 0145,ประเภทจำลอง 01 - ไฟฟ้า,เขตจำลอง 01,ชุมชนจำลอง 01,25/05/2569,17/06/2569,ประเมินผลเสร็จสิ้น,,กลาง,,เจ้าหน้าที่จำลอง 01,
ส่วนงานจำลอง 02,ฝ่ายจำลอง 04,MOCK-0146,รายการจำลองซ่อมแซมทั่วไป ลำดับ 0146,ประเภทจำลอง 02 - ระบายน้ำ,เขตจำลอง 02,ชุมชนจำลอง 06,26/05/2569,25/06/2569,ประเมินผลเสร็จสิ้น,,กลาง,,เจ้าหน้าที่จำลอง 02,
ส่วนงานจำลอง 03,ฝ่ายจำลอง 07,MOCK-0147,รายการจำลองซ่อมแซมทั่วไป ลำดับ 0147,ประเภทจำลอง 03 - ถนน,เขตจำลอง 03,ชุมชนจำลอง 11,27/05/2569,03/07/2569,ประเมินผลเสร็จสิ้น,,กลาง,,เจ้าหน้าที่จำลอง 03,
ส่วนงานจำลอง 01,ฝ่ายจำลอง 02,MOCK-0148,รายการจำลองข้อมูลทั่วไป ลำดับ 0148,ประเภทจำลอง 04 - พื้นที่สาธารณะ,เขตจำลอง 04,ชุมชนจำลอง 04,28/05/2569,11/07/2569,ประเมินผลเสร็จสิ้น,,ต่ำ,,เจ้าหน้าที่จำลอง 01,
ส่วนงานจำลอง 02,ฝ่ายจำลอง 05,MOCK-0149,รายการจำลองข้อมูลทั่วไป ลำดับ 0149,ประเภทจำลอง 05 - อาคาร,เขตจำลอง 05,ชุมชนจำลอง 09,29/05/2569,19/07/2569,ประเมินผลเสร็จสิ้น,,ต่ำ,,เจ้าหน้าที่จำลอง 02,
ส่วนงานจำลอง 03,ฝ่ายจำลอง 08,MOCK-0150,รายการจำลองข้อมูลทั่วไป ลำดับ 0150,ประเภทจำลอง 06 - ความสะอาด,เขตจำลอง 06,ชุมชนจำลอง 02,30/05/2569,05/06/2569,ประเมินผลเสร็จสิ้น,,ต่ำ,,เจ้าหน้าที่จำลอง 03,
ส่วนงานจำลอง 01,ฝ่ายจำลอง 03,MOCK-0151,รายการจำลองเร่งด่วนไฟดับ ลำดับ 0151,ประเภทจำลอง 07 - ป้าย,เขตจำลอง 01,ชุมชนจำลอง 07,31/05/2569,13/06/2569,ประเมินผลเสร็จสิ้น,,สูง,,เจ้าหน้าที่จำลอง 01,
ส่วนงานจำลอง 02,ฝ่ายจำลอง 06,MOCK-0152,รายการจำลองเร่งด่วนไฟดับ ลำดับ 0152,ประเภทจำลอง 08 - อื่นๆ,เขตจำลอง 02,ชุมชนจำลอง 12,01/06/2569,21/06/2569,ประเมินผลเสร็จสิ้น,,สูง,,เจ้าหน้าที่จำลอง 02,
ส่วนงานจำลอง 03,ฝ่ายจำลอง 01,MOCK-0153,รายการจำลองเร่งด่วนไฟดับ ลำดับ 0153,ประเภทจำลอง 01 - ไฟฟ้า,เขตจำลอง 03,ชุมชนจำลอง 05,02/06/2569,29/06/2569,ประเมินผลเสร็จสิ้น,,สูง,,เจ้าหน้าที่จำลอง 03,
ส่วนงานจำลอง 01,ฝ่ายจำลอง 04,MOCK-0154,รายการจำลองซ่อมแซมทั่วไป ลำดับ 0154,ประเภทจำลอง 02 - ระบายน้ำ,เขตจำลอง 04,ชุมชนจำลอง 10,03/06/2569,07/07/2569,ประเมินผลเสร็จสิ้น,,กลาง,,เจ้าหน้าที่จำลอง 01,
ส่วนงานจำลอง 02,ฝ่ายจำลอง 07,MOCK-0155,รายการจำลองซ่อมแซมทั่วไป ลำดับ 0155,ประเภทจำลอง 03 - ถนน,เขตจำลอง 05,ชุมชนจำลอง 03,04/06/2569,15/07/2569,ประเมินผลเสร็จสิ้น,,กลาง,,เจ้าหน้าที่จำลอง 02,
ส่วนงานจำลอง 03,ฝ่ายจำลอง 02,MOCK-0156,รายการจำลองซ่อมแซมทั่วไป ลำดับ 0156,ประเภทจำลอง 04 - พื้นที่สาธารณะ,เขตจำลอง 06,ชุมชนจำลอง 08,05/06/2569,23/07/2569,ประเมินผลเสร็จสิ้น,,กลาง,,เจ้าหน้าที่จำลอง 03,
ส่วนงานจำลอง 01,ฝ่ายจำลอง 05,MOCK-0157,รายการจำลองซ่อมแซมทั่วไป ลำดับ 0157,ประเภทจำลอง 05 - อาคาร,เขตจำลอง 01,ชุมชนจำลอง 01,06/06/2569,09/06/2569,ประเมินผลเสร็จสิ้น,,กลาง,,เจ้าหน้าที่จำลอง 01,
ส่วนงานจำลอง 02,ฝ่ายจำลอง 08,MOCK-0158,รายการจำลองข้อมูลทั่วไป ลำดับ 0158,ประเภทจำลอง 06 - ความสะอาด,เขตจำลอง 02,ชุมชนจำลอง 06,07/06/2569,17/06/2569,ประเมินผลเสร็จสิ้น,,ต่ำ,,เจ้าหน้าที่จำลอง 02,
ส่วนงานจำลอง 03,ฝ่ายจำลอง 03,MOCK-0159,รายการจำลองข้อมูลทั่วไป ลำดับ 0159,ประเภทจำลอง 07 - ป้าย,เขตจำลอง 03,ชุมชนจำลอง 11,08/06/2569,25/06/2569,ประเมินผลเสร็จสิ้น,,ต่ำ,,เจ้าหน้าที่จำลอง 03,
ส่วนงานจำลอง 01,ฝ่ายจำลอง 06,MOCK-0160,รายการจำลองข้อมูลทั่วไป ลำดับ 0160,ประเภทจำลอง 08 - อื่นๆ,เขตจำลอง 04,ชุมชนจำลอง 04,09/06/2569,03/07/2569,ประเมินผลเสร็จสิ้น,,ต่ำ,,เจ้าหน้าที่จำลอง 01,
ส่วนงานจำลอง 02,ฝ่ายจำลอง 01,MOCK-0161,รายการจำลองเร่งด่วนไฟดับ ลำดับ 0161,ประเภทจำลอง 01 - ไฟฟ้า,เขตจำลอง 05,ชุมชนจำลอง 09,10/06/2569,11/07/2569,ประเมินผลเสร็จสิ้น,,สูง,,เจ้าหน้าที่จำลอง 02,
ส่วนงานจำลอง 03,ฝ่ายจำลอง 04,MOCK-0162,รายการจำลองเร่งด่วนไฟดับ ลำดับ 0162,ประเภทจำลอง 02 - ระบายน้ำ,เขตจำลอง 06,ชุมชนจำลอง 02,11/06/2569,19/07/2569,ประเมินผลเสร็จสิ้น,,สูง,,เจ้าหน้าที่จำลอง 03,
ส่วนงานจำลอง 01,ฝ่ายจำลอง 07,MOCK-0163,รายการจำลองเร่งด่วนไฟดับ ลำดับ 0163,ประเภทจำลอง 03 - ถนน,เขตจำลอง 01,ชุมชนจำลอง 07,12/06/2569,27/07/2569,ประเมินผลเสร็จสิ้น,,สูง,,เจ้าหน้าที่จำลอง 01,
ส่วนงานจำลอง 02,ฝ่ายจำลอง 02,MOCK-0164,รายการจำลองซ่อมแซมทั่วไป ลำดับ 0164,ประเภทจำลอง 04 - พื้นที่สาธารณะ,เขตจำลอง 02,ชุมชนจำลอง 12,13/06/2569,04/08/2569,ประเมินผลเสร็จสิ้น,,กลาง,,เจ้าหน้าที่จำลอง 02,
ส่วนงานจำลอง 03,ฝ่ายจำลอง 05,MOCK-0165,รายการจำลองซ่อมแซมทั่วไป ลำดับ 0165,ประเภทจำลอง 05 - อาคาร,เขตจำลอง 03,ชุมชนจำลอง 05,14/06/2569,21/06/2569,ประเมินผลเสร็จสิ้น,,กลาง,,เจ้าหน้าที่จำลอง 03,
ส่วนงานจำลอง 01,ฝ่ายจำลอง 08,MOCK-0166,รายการจำลองซ่อมแซมทั่วไป ลำดับ 0166,ประเภทจำลอง 06 - ความสะอาด,เขตจำลอง 04,ชุมชนจำลอง 10,15/06/2569,29/06/2569,ประเมินผลเสร็จสิ้น,,กลาง,,เจ้าหน้าที่จำลอง 01,
ส่วนงานจำลอง 02,ฝ่ายจำลอง 03,MOCK-0167,รายการจำลองซ่อมแซมทั่วไป ลำดับ 0167,ประเภทจำลอง 07 - ป้าย,เขตจำลอง 05,ชุมชนจำลอง 03,16/06/2569,07/07/2569,ประเมินผลเสร็จสิ้น,,กลาง,,เจ้าหน้าที่จำลอง 02,
ส่วนงานจำลอง 03,ฝ่ายจำลอง 06,MOCK-0168,รายการจำลองข้อมูลทั่วไป ลำดับ 0168,ประเภทจำลอง 08 - อื่นๆ,เขตจำลอง 06,ชุมชนจำลอง 08,17/06/2569,15/07/2569,ประเมินผลเสร็จสิ้น,,ต่ำ,,เจ้าหน้าที่จำลอง 03,
ส่วนงานจำลอง 01,ฝ่ายจำลอง 01,MOCK-0169,รายการจำลองข้อมูลทั่วไป ลำดับ 0169,ประเภทจำลอง 01 - ไฟฟ้า,เขตจำลอง 01,ชุมชนจำลอง 01,18/06/2569,23/07/2569,ประเมินผลเสร็จสิ้น,,ต่ำ,,เจ้าหน้าที่จำลอง 01,
ส่วนงานจำลอง 02,ฝ่ายจำลอง 04,MOCK-0170,รายการจำลองข้อมูลทั่วไป ลำดับ 0170,ประเภทจำลอง 02 - ระบายน้ำ,เขตจำลอง 02,ชุมชนจำลอง 06,19/06/2569,31/07/2569,ประเมินผลเสร็จสิ้น,,ต่ำ,,เจ้าหน้าที่จำลอง 02,
ส่วนงานจำลอง 03,ฝ่ายจำลอง 07,MOCK-0171,รายการจำลองเร่งด่วนไฟดับ ลำดับ 0171,ประเภทจำลอง 03 - ถนน,เขตจำลอง 03,ชุมชนจำลอง 11,20/06/2569,08/08/2569,ประเมินผลเสร็จสิ้น,,สูง,,เจ้าหน้าที่จำลอง 03,
ส่วนงานจำลอง 01,ฝ่ายจำลอง 02,MOCK-0172,รายการจำลองเร่งด่วนไฟดับ ลำดับ 0172,ประเภทจำลอง 04 - พื้นที่สาธารณะ,เขตจำลอง 04,ชุมชนจำลอง 04,21/06/2569,25/06/2569,ประเมินผลเสร็จสิ้น,,สูง,,เจ้าหน้าที่จำลอง 01,
ส่วนงานจำลอง 02,ฝ่ายจำลอง 05,MOCK-0173,รายการจำลองเร่งด่วนไฟดับ ลำดับ 0173,ประเภทจำลอง 05 - อาคาร,เขตจำลอง 05,ชุมชนจำลอง 09,22/06/2569,03/07/2569,ประเมินผลเสร็จสิ้น,,สูง,,เจ้าหน้าที่จำลอง 02,
ส่วนงานจำลอง 03,ฝ่ายจำลอง 08,MOCK-0174,รายการจำลองซ่อมแซมทั่วไป ลำดับ 0174,ประเภทจำลอง 06 - ความสะอาด,เขตจำลอง 06,ชุมชนจำลอง 02,23/06/2569,11/07/2569,ประเมินผลเสร็จสิ้น,,กลาง,,เจ้าหน้าที่จำลอง 03,
ส่วนงานจำลอง 01,ฝ่ายจำลอง 03,MOCK-0175,รายการจำลองซ่อมแซมทั่วไป ลำดับ 0175,ประเภทจำลอง 07 - ป้าย,เขตจำลอง 01,ชุมชนจำลอง 07,24/06/2569,19/07/2569,ประเมินผลเสร็จสิ้น,,กลาง,,เจ้าหน้าที่จำลอง 01,
ส่วนงานจำลอง 02,ฝ่ายจำลอง 06,MOCK-0176,รายการจำลองซ่อมแซมทั่วไป ลำดับ 0176,ประเภทจำลอง 08 - อื่นๆ,เขตจำลอง 02,ชุมชนจำลอง 12,25/06/2569,27/07/2569,ประเมินผลเสร็จสิ้น,,กลาง,,เจ้าหน้าที่จำลอง 02,
ส่วนงานจำลอง 03,ฝ่ายจำลอง 01,MOCK-0177,รายการจำลองซ่อมแซมทั่วไป ลำดับ 0177,ประเภทจำลอง 01 - ไฟฟ้า,เขตจำลอง 03,ชุมชนจำลอง 05,26/06/2569,04/08/2569,ประเมินผลเสร็จสิ้น,,กลาง,,เจ้าหน้าที่จำลอง 03,
ส่วนงานจำลอง 01,ฝ่ายจำลอง 04,MOCK-0178,รายการจำลองข้อมูลทั่วไป ลำดับ 0178,ประเภทจำลอง 02 - ระบายน้ำ,เขตจำลอง 04,ชุมชนจำลอง 10,27/06/2569,12/08/2569,ประเมินผลเสร็จสิ้น,,ต่ำ,,เจ้าหน้าที่จำลอง 01,
ส่วนงานจำลอง 02,ฝ่ายจำลอง 07,MOCK-0179,รายการจำลองข้อมูลทั่วไป ลำดับ 0179,ประเภทจำลอง 03 - ถนน,เขตจำลอง 05,ชุมชนจำลอง 03,28/06/2569,20/08/2569,ประเมินผลเสร็จสิ้น,,ต่ำ,,เจ้าหน้าที่จำลอง 02,
ส่วนงานจำลอง 03,ฝ่ายจำลอง 02,MOCK-0180,รายการจำลองข้อมูลทั่วไป ลำดับ 0180,ประเภทจำลอง 04 - พื้นที่สาธารณะ,เขตจำลอง 06,ชุมชนจำลอง 08,29/06/2569,07/07/2569,ประเมินผลเสร็จสิ้น,,ต่ำ,,เจ้าหน้าที่จำลอง 03,
ส่วนงานจำลอง 01,ฝ่ายจำลอง 05,MOCK-0181,รายการจำลองเร่งด่วนไฟดับ ลำดับ 0181,ประเภทจำลอง 05 - อาคาร,เขตจำลอง 01,ชุมชนจำลอง 01,30/06/2569,15/07/2569,ประเมินผลเสร็จสิ้น,,สูง,,เจ้าหน้าที่จำลอง 01,
ส่วนงานจำลอง 02,ฝ่ายจำลอง 08,MOCK-0182,รายการจำลองเร่งด่วนไฟดับ ลำดับ 0182,ประเภทจำลอง 06 - ความสะอาด,เขตจำลอง 02,ชุมชนจำลอง 06,01/07/2569,23/07/2569,ประเมินผลเสร็จสิ้น,,สูง,,เจ้าหน้าที่จำลอง 02,
ส่วนงานจำลอง 03,ฝ่ายจำลอง 03,MOCK-0183,รายการจำลองเร่งด่วนไฟดับ ลำดับ 0183,ประเภทจำลอง 07 - ป้าย,เขตจำลอง 03,ชุมชนจำลอง 11,02/07/2569,31/07/2569,ประเมินผลเสร็จสิ้น,,สูง,,เจ้าหน้าที่จำลอง 03,
ส่วนงานจำลอง 01,ฝ่ายจำลอง 06,MOCK-0184,รายการจำลองซ่อมแซมทั่วไป ลำดับ 0184,ประเภทจำลอง 08 - อื่นๆ,เขตจำลอง 04,ชุมชนจำลอง 04,03/07/2569,08/08/2569,ประเมินผลเสร็จสิ้น,,กลาง,,เจ้าหน้าที่จำลอง 01,
ส่วนงานจำลอง 02,ฝ่ายจำลอง 01,MOCK-0185,รายการจำลองซ่อมแซมทั่วไป ลำดับ 0185,ประเภทจำลอง 01 - ไฟฟ้า,เขตจำลอง 05,ชุมชนจำลอง 09,04/07/2569,16/08/2569,ประเมินผลเสร็จสิ้น,,กลาง,,เจ้าหน้าที่จำลอง 02,
ส่วนงานจำลอง 03,ฝ่ายจำลอง 04,MOCK-0186,รายการจำลองซ่อมแซมทั่วไป ลำดับ 0186,ประเภทจำลอง 02 - ระบายน้ำ,เขตจำลอง 06,ชุมชนจำลอง 02,05/07/2569,24/08/2569,ประเมินผลเสร็จสิ้น,,กลาง,,เจ้าหน้าที่จำลอง 03,
ส่วนงานจำลอง 01,ฝ่ายจำลอง 07,MOCK-0187,รายการจำลองซ่อมแซมทั่วไป ลำดับ 0187,ประเภทจำลอง 03 - ถนน,เขตจำลอง 01,ชุมชนจำลอง 07,06/07/2569,11/07/2569,ประเมินผลเสร็จสิ้น,,กลาง,,เจ้าหน้าที่จำลอง 01,
ส่วนงานจำลอง 02,ฝ่ายจำลอง 02,MOCK-0188,รายการจำลองข้อมูลทั่วไป ลำดับ 0188,ประเภทจำลอง 04 - พื้นที่สาธารณะ,เขตจำลอง 02,ชุมชนจำลอง 12,07/07/2569,19/07/2569,ประเมินผลเสร็จสิ้น,,ต่ำ,,เจ้าหน้าที่จำลอง 02,
ส่วนงานจำลอง 03,ฝ่ายจำลอง 05,MOCK-0189,รายการจำลองข้อมูลทั่วไป ลำดับ 0189,ประเภทจำลอง 05 - อาคาร,เขตจำลอง 03,ชุมชนจำลอง 05,08/07/2569,27/07/2569,ประเมินผลเสร็จสิ้น,,ต่ำ,,เจ้าหน้าที่จำลอง 03,
ส่วนงานจำลอง 01,ฝ่ายจำลอง 08,MOCK-0190,รายการจำลองข้อมูลทั่วไป ลำดับ 0190,ประเภทจำลอง 06 - ความสะอาด,เขตจำลอง 04,ชุมชนจำลอง 10,09/07/2569,04/08/2569,ประเมินผลเสร็จสิ้น,,ต่ำ,,เจ้าหน้าที่จำลอง 01,
ส่วนงานจำลอง 02,ฝ่ายจำลอง 03,MOCK-0191,รายการจำลองเร่งด่วนไฟดับ ลำดับ 0191,ประเภทจำลอง 07 - ป้าย,เขตจำลอง 05,ชุมชนจำลอง 03,10/07/2569,12/08/2569,ประเมินผลเสร็จสิ้น,,สูง,,เจ้าหน้าที่จำลอง 02,
ส่วนงานจำลอง 03,ฝ่ายจำลอง 06,MOCK-0192,รายการจำลองเร่งด่วนไฟดับ ลำดับ 0192,ประเภทจำลอง 08 - อื่นๆ,เขตจำลอง 06,ชุมชนจำลอง 08,11/07/2569,20/08/2569,ประเมินผลเสร็จสิ้น,,สูง,,เจ้าหน้าที่จำลอง 03,
ส่วนงานจำลอง 01,ฝ่ายจำลอง 01,MOCK-0193,รายการจำลองเร่งด่วนไฟดับ ลำดับ 0193,ประเภทจำลอง 01 - ไฟฟ้า,เขตจำลอง 01,ชุมชนจำลอง 01,12/07/2569,28/08/2569,ประเมินผลเสร็จสิ้น,,สูง,,เจ้าหน้าที่จำลอง 01,
ส่วนงานจำลอง 02,ฝ่ายจำลอง 04,MOCK-0194,รายการจำลองซ่อมแซมทั่วไป ลำดับ 0194,ประเภทจำลอง 02 - ระบายน้ำ,เขตจำลอง 02,ชุมชนจำลอง 06,13/07/2569,05/09/2569,ประเมินผลเสร็จสิ้น,,กลาง,,เจ้าหน้าที่จำลอง 02,
ส่วนงานจำลอง 03,ฝ่ายจำลอง 07,MOCK-0195,รายการจำลองซ่อมแซมทั่วไป ลำดับ 0195,ประเภทจำลอง 03 - ถนน,เขตจำลอง 03,ชุมชนจำลอง 11,14/07/2569,23/07/2569,ประเมินผลเสร็จสิ้น,,กลาง,,เจ้าหน้าที่จำลอง 03,
ส่วนงานจำลอง 01,ฝ่ายจำลอง 02,MOCK-0196,รายการจำลองซ่อมแซมทั่วไป ลำดับ 0196,ประเภทจำลอง 04 - พื้นที่สาธารณะ,เขตจำลอง 04,ชุมชนจำลอง 04,15/07/2569,31/07/2569,ประเมินผลเสร็จสิ้น,,กลาง,,เจ้าหน้าที่จำลอง 01,
ส่วนงานจำลอง 02,ฝ่ายจำลอง 05,MOCK-0197,รายการจำลองซ่อมแซมทั่วไป ลำดับ 0197,ประเภทจำลอง 05 - อาคาร,เขตจำลอง 05,ชุมชนจำลอง 09,16/07/2569,08/08/2569,ประเมินผลเสร็จสิ้น,,กลาง,,เจ้าหน้าที่จำลอง 02,
ส่วนงานจำลอง 03,ฝ่ายจำลอง 08,MOCK-0198,รายการจำลองข้อมูลทั่วไป ลำดับ 0198,ประเภทจำลอง 06 - ความสะอาด,เขตจำลอง 06,ชุมชนจำลอง 02,17/07/2569,16/08/2569,ประเมินผลเสร็จสิ้น,,ต่ำ,,เจ้าหน้าที่จำลอง 03,
ส่วนงานจำลอง 01,ฝ่ายจำลอง 03,MOCK-0199,รายการจำลองข้อมูลทั่วไป ลำดับ 0199,ประเภทจำลอง 07 - ป้าย,เขตจำลอง 01,ชุมชนจำลอง 07,18/07/2569,24/08/2569,ประเมินผลเสร็จสิ้น,,ต่ำ,,เจ้าหน้าที่จำลอง 01,
ส่วนงานจำลอง 02,ฝ่ายจำลอง 06,MOCK-0200,รายการจำลองข้อมูลทั่วไป ลำดับ 0200,ประเภทจำลอง 08 - อื่นๆ,เขตจำลอง 02,ชุมชนจำลอง 12,19/07/2569,01/09/2569,ประเมินผลเสร็จสิ้น,,ต่ำ,,เจ้าหน้าที่จำลอง 02,
ส่วนงานจำลอง 03,ฝ่ายจำลอง 01,MOCK-0201,รายการจำลองเร่งด่วนไฟดับ ลำดับ 0201,ประเภทจำลอง 01 - ไฟฟ้า,เขตจำลอง 03,ชุมชนจำลอง 05,20/07/2569,09/09/2569,ประเมินผลเสร็จสิ้น,,สูง,,เจ้าหน้าที่จำลอง 03,
ส่วนงานจำลอง 01,ฝ่ายจำลอง 04,MOCK-0202,รายการจำลองเร่งด่วนไฟดับ ลำดับ 0202,ประเภทจำลอง 02 - ระบายน้ำ,เขตจำลอง 04,ชุมชนจำลอง 10,21/07/2569,27/07/2569,ประเมินผลเสร็จสิ้น,,สูง,,เจ้าหน้าที่จำลอง 01,
ส่วนงานจำลอง 02,ฝ่ายจำลอง 07,MOCK-0203,รายการจำลองเร่งด่วนไฟดับ ลำดับ 0203,ประเภทจำลอง 03 - ถนน,เขตจำลอง 05,ชุมชนจำลอง 03,22/07/2569,04/08/2569,ประเมินผลเสร็จสิ้น,,สูง,,เจ้าหน้าที่จำลอง 02,
ส่วนงานจำลอง 03,ฝ่ายจำลอง 02,MOCK-0204,รายการจำลองซ่อมแซมทั่วไป ลำดับ 0204,ประเภทจำลอง 04 - พื้นที่สาธารณะ,เขตจำลอง 06,ชุมชนจำลอง 08,23/07/2569,12/08/2569,ประเมินผลเสร็จสิ้น,,กลาง,,เจ้าหน้าที่จำลอง 03,
ส่วนงานจำลอง 01,ฝ่ายจำลอง 05,MOCK-0205,รายการจำลองซ่อมแซมทั่วไป ลำดับ 0205,ประเภทจำลอง 05 - อาคาร,เขตจำลอง 01,ชุมชนจำลอง 01,24/07/2569,20/08/2569,ประเมินผลเสร็จสิ้น,mock-complaint-02.svg,กลาง,,เจ้าหน้าที่จำลอง 01,
ส่วนงานจำลอง 02,ฝ่ายจำลอง 08,MOCK-0206,รายการจำลองซ่อมแซมทั่วไป ลำดับ 0206,ประเภทจำลอง 06 - ความสะอาด,เขตจำลอง 02,ชุมชนจำลอง 06,25/07/2569,28/08/2569,ประเมินผลเสร็จสิ้น,,กลาง,,เจ้าหน้าที่จำลอง 02,
ส่วนงานจำลอง 03,ฝ่ายจำลอง 03,MOCK-0207,รายการจำลองซ่อมแซมทั่วไป ลำดับ 0207,ประเภทจำลอง 07 - ป้าย,เขตจำลอง 03,ชุมชนจำลอง 11,26/07/2569,05/09/2569,ประเมินผลเสร็จสิ้น,,กลาง,,เจ้าหน้าที่จำลอง 03,
ส่วนงานจำลอง 01,ฝ่ายจำลอง 06,MOCK-0208,รายการจำลองข้อมูลทั่วไป ลำดับ 0208,ประเภทจำลอง 08 - อื่นๆ,เขตจำลอง 04,ชุมชนจำลอง 04,27/07/2569,13/09/2569,ประเมินผลเสร็จสิ้น,,ต่ำ,,เจ้าหน้าที่จำลอง 01,
ส่วนงานจำลอง 02,ฝ่ายจำลอง 01,MOCK-0209,รายการจำลองข้อมูลทั่วไป ลำดับ 0209,ประเภทจำลอง 01 - ไฟฟ้า,เขตจำลอง 05,ชุมชนจำลอง 09,28/07/2569,31/07/2569,ประเมินผลเสร็จสิ้น,,ต่ำ,,เจ้าหน้าที่จำลอง 02,
ส่วนงานจำลอง 03,ฝ่ายจำลอง 04,MOCK-0210,รายการจำลองข้อมูลทั่วไป ลำดับ 0210,ประเภทจำลอง 02 - ระบายน้ำ,เขตจำลอง 06,ชุมชนจำลอง 02,29/07/2569,08/08/2569,ประเมินผลเสร็จสิ้น,,ต่ำ,,เจ้าหน้าที่จำลอง 03,
ส่วนงานจำลอง 01,ฝ่ายจำลอง 07,MOCK-0211,รายการจำลองเร่งด่วนไฟดับ ลำดับ 0211,ประเภทจำลอง 03 - ถนน,เขตจำลอง 01,ชุมชนจำลอง 07,30/07/2569,16/08/2569,ประเมินผลเสร็จสิ้น,,สูง,,เจ้าหน้าที่จำลอง 01,
ส่วนงานจำลอง 02,ฝ่ายจำลอง 02,MOCK-0212,รายการจำลองเร่งด่วนไฟดับ ลำดับ 0212,ประเภทจำลอง 04 - พื้นที่สาธารณะ,เขตจำลอง 02,ชุมชนจำลอง 12,31/07/2569,24/08/2569,ประเมินผลเสร็จสิ้น,,สูง,,เจ้าหน้าที่จำลอง 02,
ส่วนงานจำลอง 03,ฝ่ายจำลอง 05,MOCK-0213,รายการจำลองเร่งด่วนไฟดับ ลำดับ 0213,ประเภทจำลอง 05 - อาคาร,เขตจำลอง 03,ชุมชนจำลอง 05,01/08/2569,01/09/2569,ประเมินผลเสร็จสิ้น,,สูง,,เจ้าหน้าที่จำลอง 03,
ส่วนงานจำลอง 01,ฝ่ายจำลอง 08,MOCK-0214,รายการจำลองซ่อมแซมทั่วไป ลำดับ 0214,ประเภทจำลอง 06 - ความสะอาด,เขตจำลอง 04,ชุมชนจำลอง 10,02/08/2569,09/09/2569,ประเมินผลเสร็จสิ้น,,กลาง,,เจ้าหน้าที่จำลอง 01,
ส่วนงานจำลอง 02,ฝ่ายจำลอง 03,MOCK-0215,รายการจำลองซ่อมแซมทั่วไป ลำดับ 0215,ประเภทจำลอง 07 - ป้าย,เขตจำลอง 05,ชุมชนจำลอง 03,03/08/2569,17/09/2569,ประเมินผลเสร็จสิ้น,,กลาง,,เจ้าหน้าที่จำลอง 02,
ส่วนงานจำลอง 03,ฝ่ายจำลอง 06,MOCK-0216,รายการจำลองซ่อมแซมทั่วไป ลำดับ 0216,ประเภทจำลอง 08 - อื่นๆ,เขตจำลอง 06,ชุมชนจำลอง 08,04/08/2569,25/09/2569,ประเมินผลเสร็จสิ้น,,กลาง,,เจ้าหน้าที่จำลอง 03,
ส่วนงานจำลอง 01,ฝ่ายจำลอง 01,MOCK-0217,รายการจำลองซ่อมแซมทั่วไป ลำดับ 0217,ประเภทจำลอง 01 - ไฟฟ้า,เขตจำลอง 01,ชุมชนจำลอง 01,05/08/2569,12/08/2569,ประเมินผลเสร็จสิ้น,,กลาง,,เจ้าหน้าที่จำลอง 01,
ส่วนงานจำลอง 02,ฝ่ายจำลอง 04,MOCK-0218,รายการจำลองข้อมูลทั่วไป ลำดับ 0218,ประเภทจำลอง 02 - ระบายน้ำ,เขตจำลอง 02,ชุมชนจำลอง 06,06/08/2569,20/08/2569,ประเมินผลเสร็จสิ้น,,ต่ำ,,เจ้าหน้าที่จำลอง 02,
ส่วนงานจำลอง 03,ฝ่ายจำลอง 07,MOCK-0219,รายการจำลองข้อมูลทั่วไป ลำดับ 0219,ประเภทจำลอง 03 - ถนน,เขตจำลอง 03,ชุมชนจำลอง 11,07/08/2569,28/08/2569,ประเมินผลเสร็จสิ้น,,ต่ำ,,เจ้าหน้าที่จำลอง 03,
ส่วนงานจำลอง 01,ฝ่ายจำลอง 02,MOCK-0220,รายการจำลองข้อมูลทั่วไป ลำดับ 0220,ประเภทจำลอง 04 - พื้นที่สาธารณะ,เขตจำลอง 04,ชุมชนจำลอง 04,08/08/2569,05/09/2569,ประเมินผลเสร็จสิ้น,,ต่ำ,,เจ้าหน้าที่จำลอง 01,
ส่วนงานจำลอง 02,ฝ่ายจำลอง 05,MOCK-0221,รายการจำลองเร่งด่วนไฟดับ ลำดับ 0221,ประเภทจำลอง 05 - อาคาร,เขตจำลอง 05,ชุมชนจำลอง 09,09/08/2569,13/09/2569,ประเมินผลเสร็จสิ้น,,สูง,,เจ้าหน้าที่จำลอง 02,
ส่วนงานจำลอง 03,ฝ่ายจำลอง 08,MOCK-0222,รายการจำลองเร่งด่วนไฟดับ ลำดับ 0222,ประเภทจำลอง 06 - ความสะอาด,เขตจำลอง 06,ชุมชนจำลอง 02,10/08/2569,21/09/2569,ประเมินผลเสร็จสิ้น,,สูง,,เจ้าหน้าที่จำลอง 03,
ส่วนงานจำลอง 01,ฝ่ายจำลอง 03,MOCK-0223,รายการจำลองเร่งด่วนไฟดับ ลำดับ 0223,ประเภทจำลอง 07 - ป้าย,เขตจำลอง 01,ชุมชนจำลอง 07,11/08/2569,29/09/2569,ประเมินผลเสร็จสิ้น,,สูง,,เจ้าหน้าที่จำลอง 01,
ส่วนงานจำลอง 02,ฝ่ายจำลอง 06,MOCK-0224,รายการจำลองซ่อมแซมทั่วไป ลำดับ 0224,ประเภทจำลอง 08 - อื่นๆ,เขตจำลอง 02,ชุมชนจำลอง 12,12/08/2569,16/08/2569,ประเมินผลเสร็จสิ้น,,กลาง,,เจ้าหน้าที่จำลอง 02,
ส่วนงานจำลอง 03,ฝ่ายจำลอง 01,MOCK-0225,รายการจำลองซ่อมแซมทั่วไป ลำดับ 0225,ประเภทจำลอง 01 - ไฟฟ้า,เขตจำลอง 03,ชุมชนจำลอง 05,13/08/2569,24/08/2569,ประเมินผลเสร็จสิ้น,,กลาง,,เจ้าหน้าที่จำลอง 03,
ส่วนงานจำลอง 01,ฝ่ายจำลอง 04,MOCK-0226,รายการจำลองซ่อมแซมทั่วไป ลำดับ 0226,ประเภทจำลอง 02 - ระบายน้ำ,เขตจำลอง 04,ชุมชนจำลอง 10,14/08/2569,01/09/2569,ประเมินผลเสร็จสิ้น,,กลาง,,เจ้าหน้าที่จำลอง 01,
ส่วนงานจำลอง 02,ฝ่ายจำลอง 07,MOCK-0227,รายการจำลองซ่อมแซมทั่วไป ลำดับ 0227,ประเภทจำลอง 03 - ถนน,เขตจำลอง 05,ชุมชนจำลอง 03,15/08/2569,09/09/2569,ประเมินผลเสร็จสิ้น,,กลาง,,เจ้าหน้าที่จำลอง 02,
ส่วนงานจำลอง 03,ฝ่ายจำลอง 02,MOCK-0228,รายการจำลองข้อมูลทั่วไป ลำดับ 0228,ประเภทจำลอง 04 - พื้นที่สาธารณะ,เขตจำลอง 06,ชุมชนจำลอง 08,16/08/2569,17/09/2569,ประเมินผลเสร็จสิ้น,,ต่ำ,,เจ้าหน้าที่จำลอง 03,
ส่วนงานจำลอง 01,ฝ่ายจำลอง 05,MOCK-0229,รายการจำลองข้อมูลทั่วไป ลำดับ 0229,ประเภทจำลอง 05 - อาคาร,เขตจำลอง 01,ชุมชนจำลอง 01,17/08/2569,25/09/2569,ประเมินผลเสร็จสิ้น,,ต่ำ,,เจ้าหน้าที่จำลอง 01,
ส่วนงานจำลอง 02,ฝ่ายจำลอง 08,MOCK-0230,รายการจำลองข้อมูลทั่วไป ลำดับ 0230,ประเภทจำลอง 06 - ความสะอาด,เขตจำลอง 02,ชุมชนจำลอง 06,18/08/2569,03/10/2569,ประเมินผลเสร็จสิ้น,,ต่ำ,,เจ้าหน้าที่จำลอง 02,
ส่วนงานจำลอง 03,ฝ่ายจำลอง 03,MOCK-0231,รายการจำลองเร่งด่วนไฟดับ ลำดับ 0231,ประเภทจำลอง 07 - ป้าย,เขตจำลอง 03,ชุมชนจำลอง 11,19/08/2569,11/10/2569,ประเมินผลเสร็จสิ้น,,สูง,,เจ้าหน้าที่จำลอง 03,
ส่วนงานจำลอง 01,ฝ่ายจำลอง 06,MOCK-0232,รายการจำลองเร่งด่วนไฟดับ ลำดับ 0232,ประเภทจำลอง 08 - อื่นๆ,เขตจำลอง 04,ชุมชนจำลอง 04,20/08/2569,28/08/2569,ประเมินผลเสร็จสิ้น,,สูง,,เจ้าหน้าที่จำลอง 01,
ส่วนงานจำลอง 02,ฝ่ายจำลอง 01,MOCK-0233,รายการจำลองเร่งด่วนไฟดับ ลำดับ 0233,ประเภทจำลอง 01 - ไฟฟ้า,เขตจำลอง 05,ชุมชนจำลอง 09,21/08/2569,05/09/2569,ประเมินผลเสร็จสิ้น,,สูง,,เจ้าหน้าที่จำลอง 02,
ส่วนงานจำลอง 03,ฝ่ายจำลอง 04,MOCK-0234,รายการจำลองซ่อมแซมทั่วไป ลำดับ 0234,ประเภทจำลอง 02 - ระบายน้ำ,เขตจำลอง 06,ชุมชนจำลอง 02,22/08/2569,13/09/2569,ประเมินผลเสร็จสิ้น,,กลาง,,เจ้าหน้าที่จำลอง 03,
ส่วนงานจำลอง 01,ฝ่ายจำลอง 07,MOCK-0235,รายการจำลองซ่อมแซมทั่วไป ลำดับ 0235,ประเภทจำลอง 03 - ถนน,เขตจำลอง 01,ชุมชนจำลอง 07,23/08/2569,21/09/2569,ประเมินผลเสร็จสิ้น,,กลาง,,เจ้าหน้าที่จำลอง 01,
ส่วนงานจำลอง 02,ฝ่ายจำลอง 02,MOCK-0236,รายการจำลองซ่อมแซมทั่วไป ลำดับ 0236,ประเภทจำลอง 04 - พื้นที่สาธารณะ,เขตจำลอง 02,ชุมชนจำลอง 12,24/08/2569,29/09/2569,ประเมินผลเสร็จสิ้น,,กลาง,,เจ้าหน้าที่จำลอง 02,
ส่วนงานจำลอง 03,ฝ่ายจำลอง 05,MOCK-0237,รายการจำลองซ่อมแซมทั่วไป ลำดับ 0237,ประเภทจำลอง 05 - อาคาร,เขตจำลอง 03,ชุมชนจำลอง 05,25/08/2569,07/10/2569,ประเมินผลเสร็จสิ้น,,กลาง,,เจ้าหน้าที่จำลอง 03,
ส่วนงานจำลอง 01,ฝ่ายจำลอง 08,MOCK-0238,รายการจำลองข้อมูลทั่วไป ลำดับ 0238,ประเภทจำลอง 06 - ความสะอาด,เขตจำลอง 04,ชุมชนจำลอง 10,26/08/2569,15/10/2569,ประเมินผลเสร็จสิ้น,,ต่ำ,,เจ้าหน้าที่จำลอง 01,
ส่วนงานจำลอง 02,ฝ่ายจำลอง 03,MOCK-0239,รายการจำลองข้อมูลทั่วไป ลำดับ 0239,ประเภทจำลอง 07 - ป้าย,เขตจำลอง 05,ชุมชนจำลอง 03,27/08/2569,01/09/2569,ประเมินผลเสร็จสิ้น,,ต่ำ,,เจ้าหน้าที่จำลอง 02,
ส่วนงานจำลอง 03,ฝ่ายจำลอง 06,MOCK-0240,รายการจำลองข้อมูลทั่วไป ลำดับ 0240,ประเภทจำลอง 08 - อื่นๆ,เขตจำลอง 06,ชุมชนจำลอง 08,28/08/2569,09/09/2569,ประเมินผลเสร็จสิ้น,,ต่ำ,,เจ้าหน้าที่จำลอง 03,
ส่วนงานจำลอง 01,ฝ่ายจำลอง 01,MOCK-0241,รายการจำลองเร่งด่วนไฟดับ ลำดับ 0241,ประเภทจำลอง 01 - ไฟฟ้า,เขตจำลอง 01,ชุมชนจำลอง 01,29/08/2569,17/09/2569,ประเมินผลเสร็จสิ้น,,สูง,,เจ้าหน้าที่จำลอง 01,
ส่วนงานจำลอง 02,ฝ่ายจำลอง 04,MOCK-0242,รายการจำลองเร่งด่วนไฟดับ ลำดับ 0242,ประเภทจำลอง 02 - ระบายน้ำ,เขตจำลอง 02,ชุมชนจำลอง 06,30/08/2569,25/09/2569,ประเมินผลเสร็จสิ้น,,สูง,,เจ้าหน้าที่จำลอง 02,
ส่วนงานจำลอง 03,ฝ่ายจำลอง 07,MOCK-0243,รายการจำลองเร่งด่วนไฟดับ ลำดับ 0243,ประเภทจำลอง 03 - ถนน,เขตจำลอง 03,ชุมชนจำลอง 11,31/08/2569,03/10/2569,ประเมินผลเสร็จสิ้น,,สูง,,เจ้าหน้าที่จำลอง 03,
ส่วนงานจำลอง 01,ฝ่ายจำลอง 02,MOCK-0244,รายการจำลองซ่อมแซมทั่วไป ลำดับ 0244,ประเภทจำลอง 04 - พื้นที่สาธารณะ,เขตจำลอง 04,ชุมชนจำลอง 04,01/09/2569,11/10/2569,ประเมินผลเสร็จสิ้น,,กลาง,,เจ้าหน้าที่จำลอง 01,
ส่วนงานจำลอง 02,ฝ่ายจำลอง 05,MOCK-0245,รายการจำลองซ่อมแซมทั่วไป ลำดับ 0245,ประเภทจำลอง 05 - อาคาร,เขตจำลอง 05,ชุมชนจำลอง 09,02/09/2569,19/10/2569,ประเมินผลเสร็จสิ้น,,กลาง,,เจ้าหน้าที่จำลอง 02,
ส่วนงานจำลอง 03,ฝ่ายจำลอง 08,MOCK-0246,รายการจำลองซ่อมแซมทั่วไป ลำดับ 0246,ประเภทจำลอง 06 - ความสะอาด,เขตจำลอง 06,ชุมชนจำลอง 02,03/09/2569,27/10/2569,ประเมินผลเสร็จสิ้น,,กลาง,,เจ้าหน้าที่จำลอง 03,
ส่วนงานจำลอง 01,ฝ่ายจำลอง 03,MOCK-0247,รายการจำลองซ่อมแซมทั่วไป ลำดับ 0247,ประเภทจำลอง 07 - ป้าย,เขตจำลอง 01,ชุมชนจำลอง 07,04/09/2569,13/09/2569,ประเมินผลเสร็จสิ้น,,กลาง,,เจ้าหน้าที่จำลอง 01,
ส่วนงานจำลอง 02,ฝ่ายจำลอง 06,MOCK-0248,รายการจำลองข้อมูลทั่วไป ลำดับ 0248,ประเภทจำลอง 08 - อื่นๆ,เขตจำลอง 02,ชุมชนจำลอง 12,05/09/2569,21/09/2569,ประเมินผลเสร็จสิ้น,,ต่ำ,,เจ้าหน้าที่จำลอง 02,
ส่วนงานจำลอง 03,ฝ่ายจำลอง 01,MOCK-0249,รายการจำลองข้อมูลทั่วไป ลำดับ 0249,ประเภทจำลอง 01 - ไฟฟ้า,เขตจำลอง 03,ชุมชนจำลอง 05,06/09/2569,29/09/2569,ประเมินผลเสร็จสิ้น,,ต่ำ,,เจ้าหน้าที่จำลอง 03,
ส่วนงานจำลอง 01,ฝ่ายจำลอง 04,MOCK-0250,รายการจำลองข้อมูลทั่วไป ลำดับ 0250,ประเภทจำลอง 02 - ระบายน้ำ,เขตจำลอง 04,ชุมชนจำลอง 10,07/09/2569,07/10/2569,ประเมินผลเสร็จสิ้น,,ต่ำ,,เจ้าหน้าที่จำลอง 01,
ส่วนงานจำลอง 02,ฝ่ายจำลอง 07,MOCK-0251,รายการจำลองเร่งด่วนไฟดับ ลำดับ 0251,ประเภทจำลอง 03 - ถนน,เขตจำลอง 05,ชุมชนจำลอง 03,08/09/2569,15/10/2569,ประเมินผลเสร็จสิ้น,,สูง,,เจ้าหน้าที่จำลอง 02,
ส่วนงานจำลอง 03,ฝ่ายจำลอง 02,MOCK-0252,รายการจำลองเร่งด่วนไฟดับ ลำดับ 0252,ประเภทจำลอง 04 - พื้นที่สาธารณะ,เขตจำลอง 06,ชุมชนจำลอง 08,09/09/2569,23/10/2569,ประเมินผลเสร็จสิ้น,,สูง,,เจ้าหน้าที่จำลอง 03,
ส่วนงานจำลอง 01,ฝ่ายจำลอง 05,MOCK-0253,รายการจำลองเร่งด่วนไฟดับ ลำดับ 0253,ประเภทจำลอง 05 - อาคาร,เขตจำลอง 01,ชุมชนจำลอง 01,10/09/2569,31/10/2569,ประเมินผลเสร็จสิ้น,,สูง,,เจ้าหน้าที่จำลอง 01,
ส่วนงานจำลอง 02,ฝ่ายจำลอง 08,MOCK-0254,รายการจำลองซ่อมแซมทั่วไป ลำดับ 0254,ประเภทจำลอง 06 - ความสะอาด,เขตจำลอง 02,ชุมชนจำลอง 06,11/09/2569,17/09/2569,ประเมินผลเสร็จสิ้น,,กลาง,,เจ้าหน้าที่จำลอง 02,
ส่วนงานจำลอง 03,ฝ่ายจำลอง 03,MOCK-0255,รายการจำลองซ่อมแซมทั่วไป ลำดับ 0255,ประเภทจำลอง 07 - ป้าย,เขตจำลอง 03,ชุมชนจำลอง 11,12/09/2569,25/09/2569,ประเมินผลเสร็จสิ้น,,กลาง,,เจ้าหน้าที่จำลอง 03,
ส่วนงานจำลอง 01,ฝ่ายจำลอง 06,MOCK-0256,รายการจำลองซ่อมแซมทั่วไป ลำดับ 0256,ประเภทจำลอง 08 - อื่นๆ,เขตจำลอง 04,ชุมชนจำลอง 04,13/09/2569,03/10/2569,ประเมินผลเสร็จสิ้น,,กลาง,,เจ้าหน้าที่จำลอง 01,
ส่วนงานจำลอง 02,ฝ่ายจำลอง 01,MOCK-0257,รายการจำลองซ่อมแซมทั่วไป ลำดับ 0257,ประเภทจำลอง 01 - ไฟฟ้า,เขตจำลอง 05,ชุมชนจำลอง 09,14/09/2569,11/10/2569,ประเมินผลเสร็จสิ้น,,กลาง,,เจ้าหน้าที่จำลอง 02,
ส่วนงานจำลอง 03,ฝ่ายจำลอง 04,MOCK-0258,รายการจำลองข้อมูลทั่วไป ลำดับ 0258,ประเภทจำลอง 02 - ระบายน้ำ,เขตจำลอง 06,ชุมชนจำลอง 02,15/09/2569,19/10/2569,ประเมินผลเสร็จสิ้น,,ต่ำ,,เจ้าหน้าที่จำลอง 03,
ส่วนงานจำลอง 01,ฝ่ายจำลอง 07,MOCK-0259,รายการจำลองข้อมูลทั่วไป ลำดับ 0259,ประเภทจำลอง 03 - ถนน,เขตจำลอง 01,ชุมชนจำลอง 07,16/09/2569,27/10/2569,ประเมินผลเสร็จสิ้น,,ต่ำ,,เจ้าหน้าที่จำลอง 01,
ส่วนงานจำลอง 02,ฝ่ายจำลอง 02,MOCK-0260,รายการจำลองข้อมูลทั่วไป ลำดับ 0260,ประเภทจำลอง 04 - พื้นที่สาธารณะ,เขตจำลอง 02,ชุมชนจำลอง 12,17/09/2569,04/11/2569,ประเมินผลเสร็จสิ้น,,ต่ำ,,เจ้าหน้าที่จำลอง 02,
ส่วนงานจำลอง 03,ฝ่ายจำลอง 05,MOCK-0261,รายการจำลองเร่งด่วนไฟดับ ลำดับ 0261,ประเภทจำลอง 05 - อาคาร,เขตจำลอง 03,ชุมชนจำลอง 05,18/09/2569,21/09/2569,ประเมินผลเสร็จสิ้น,,สูง,,เจ้าหน้าที่จำลอง 03,
ส่วนงานจำลอง 01,ฝ่ายจำลอง 08,MOCK-0262,รายการจำลองเร่งด่วนไฟดับ ลำดับ 0262,ประเภทจำลอง 06 - ความสะอาด,เขตจำลอง 04,ชุมชนจำลอง 10,19/09/2569,29/09/2569,ประเมินผลเสร็จสิ้น,,สูง,,เจ้าหน้าที่จำลอง 01,
ส่วนงานจำลอง 02,ฝ่ายจำลอง 03,MOCK-0263,รายการจำลองเร่งด่วนไฟดับ ลำดับ 0263,ประเภทจำลอง 07 - ป้าย,เขตจำลอง 05,ชุมชนจำลอง 03,20/09/2569,07/10/2569,ประเมินผลเสร็จสิ้น,,สูง,,เจ้าหน้าที่จำลอง 02,
ส่วนงานจำลอง 03,ฝ่ายจำลอง 06,MOCK-0264,รายการจำลองซ่อมแซมทั่วไป ลำดับ 0264,ประเภทจำลอง 08 - อื่นๆ,เขตจำลอง 06,ชุมชนจำลอง 08,21/09/2569,15/10/2569,ประเมินผลเสร็จสิ้น,,กลาง,,เจ้าหน้าที่จำลอง 03,
ส่วนงานจำลอง 01,ฝ่ายจำลอง 01,MOCK-0265,รายการจำลองซ่อมแซมทั่วไป ลำดับ 0265,ประเภทจำลอง 01 - ไฟฟ้า,เขตจำลอง 01,ชุมชนจำลอง 01,22/09/2569,23/10/2569,ประเมินผลเสร็จสิ้น,,กลาง,,เจ้าหน้าที่จำลอง 01,
ส่วนงานจำลอง 02,ฝ่ายจำลอง 04,MOCK-0266,รายการจำลองซ่อมแซมทั่วไป ลำดับ 0266,ประเภทจำลอง 02 - ระบายน้ำ,เขตจำลอง 02,ชุมชนจำลอง 06,23/09/2569,31/10/2569,ประเมินผลเสร็จสิ้น,,กลาง,,เจ้าหน้าที่จำลอง 02,
ส่วนงานจำลอง 03,ฝ่ายจำลอง 07,MOCK-0267,รายการจำลองซ่อมแซมทั่วไป ลำดับ 0267,ประเภทจำลอง 03 - ถนน,เขตจำลอง 03,ชุมชนจำลอง 11,24/09/2569,08/11/2569,ประเมินผลเสร็จสิ้น,,กลาง,,เจ้าหน้าที่จำลอง 03,
ส่วนงานจำลอง 01,ฝ่ายจำลอง 02,MOCK-0268,รายการจำลองข้อมูลทั่วไป ลำดับ 0268,ประเภทจำลอง 04 - พื้นที่สาธารณะ,เขตจำลอง 04,ชุมชนจำลอง 04,25/09/2569,16/11/2569,ประเมินผลเสร็จสิ้น,,ต่ำ,,เจ้าหน้าที่จำลอง 01,
ส่วนงานจำลอง 02,ฝ่ายจำลอง 05,MOCK-0269,รายการจำลองข้อมูลทั่วไป ลำดับ 0269,ประเภทจำลอง 05 - อาคาร,เขตจำลอง 05,ชุมชนจำลอง 09,26/09/2569,03/10/2569,ประเมินผลเสร็จสิ้น,,ต่ำ,,เจ้าหน้าที่จำลอง 02,
ส่วนงานจำลอง 03,ฝ่ายจำลอง 08,MOCK-0270,รายการจำลองข้อมูลทั่วไป ลำดับ 0270,ประเภทจำลอง 06 - ความสะอาด,เขตจำลอง 06,ชุมชนจำลอง 02,27/09/2569,11/10/2569,ประเมินผลเสร็จสิ้น,,ต่ำ,,เจ้าหน้าที่จำลอง 03,
ส่วนงานจำลอง 01,ฝ่ายจำลอง 03,MOCK-0271,รายการจำลองเร่งด่วนไฟดับ ลำดับ 0271,ประเภทจำลอง 07 - ป้าย,เขตจำลอง 01,ชุมชนจำลอง 07,28/09/2569,19/10/2569,ประเมินผลเสร็จสิ้น,,สูง,,เจ้าหน้าที่จำลอง 01,
ส่วนงานจำลอง 02,ฝ่ายจำลอง 06,MOCK-0272,รายการจำลองเร่งด่วนไฟดับ ลำดับ 0272,ประเภทจำลอง 08 - อื่นๆ,เขตจำลอง 02,ชุมชนจำลอง 12,29/09/2569,27/10/2569,ประเมินผลเสร็จสิ้น,,สูง,,เจ้าหน้าที่จำลอง 02,
ส่วนงานจำลอง 03,ฝ่ายจำลอง 01,MOCK-0273,รายการจำลองเร่งด่วนไฟดับ ลำดับ 0273,ประเภทจำลอง 01 - ไฟฟ้า,เขตจำลอง 03,ชุมชนจำลอง 05,30/09/2569,04/11/2569,ประเมินผลเสร็จสิ้น,,สูง,,เจ้าหน้าที่จำลอง 03,
ส่วนงานจำลอง 01,ฝ่ายจำลอง 04,MOCK-0274,รายการจำลองซ่อมแซมทั่วไป ลำดับ 0274,ประเภทจำลอง 02 - ระบายน้ำ,เขตจำลอง 04,ชุมชนจำลอง 10,01/10/2569,12/11/2569,ประเมินผลเสร็จสิ้น,,กลาง,,เจ้าหน้าที่จำลอง 01,
ส่วนงานจำลอง 02,ฝ่ายจำลอง 07,MOCK-0275,รายการจำลองซ่อมแซมทั่วไป ลำดับ 0275,ประเภทจำลอง 03 - ถนน,เขตจำลอง 05,ชุมชนจำลอง 03,02/10/2569,20/11/2569,ประเมินผลเสร็จสิ้น,,กลาง,,เจ้าหน้าที่จำลอง 02,
ส่วนงานจำลอง 03,ฝ่ายจำลอง 02,MOCK-0276,รายการจำลองซ่อมแซมทั่วไป ลำดับ 0276,ประเภทจำลอง 04 - พื้นที่สาธารณะ,เขตจำลอง 06,ชุมชนจำลอง 08,03/10/2569,07/10/2569,ประเมินผลเสร็จสิ้น,,กลาง,,เจ้าหน้าที่จำลอง 03,
ส่วนงานจำลอง 01,ฝ่ายจำลอง 05,MOCK-0277,รายการจำลองซ่อมแซมทั่วไป ลำดับ 0277,ประเภทจำลอง 05 - อาคาร,เขตจำลอง 01,ชุมชนจำลอง 01,04/10/2569,15/10/2569,ประเมินผลเสร็จสิ้น,,กลาง,,เจ้าหน้าที่จำลอง 01,
ส่วนงานจำลอง 02,ฝ่ายจำลอง 08,MOCK-0278,รายการจำลองข้อมูลทั่วไป ลำดับ 0278,ประเภทจำลอง 06 - ความสะอาด,เขตจำลอง 02,ชุมชนจำลอง 06,05/10/2569,23/10/2569,ประเมินผลเสร็จสิ้น,,ต่ำ,,เจ้าหน้าที่จำลอง 02,
ส่วนงานจำลอง 03,ฝ่ายจำลอง 03,MOCK-0279,รายการจำลองข้อมูลทั่วไป ลำดับ 0279,ประเภทจำลอง 07 - ป้าย,เขตจำลอง 03,ชุมชนจำลอง 11,06/10/2569,31/10/2569,ประเมินผลเสร็จสิ้น,,ต่ำ,,เจ้าหน้าที่จำลอง 03,
ส่วนงานจำลอง 01,ฝ่ายจำลอง 06,MOCK-0280,รายการจำลองข้อมูลทั่วไป ลำดับ 0280,ประเภทจำลอง 08 - อื่นๆ,เขตจำลอง 04,ชุมชนจำลอง 04,07/10/2569,08/11/2569,ประเมินผลเสร็จสิ้น,,ต่ำ,,เจ้าหน้าที่จำลอง 01,
ส่วนงานจำลอง 02,ฝ่ายจำลอง 01,MOCK-0281,รายการจำลองเร่งด่วนไฟดับ ลำดับ 0281,ประเภทจำลอง 01 - ไฟฟ้า,เขตจำลอง 05,ชุมชนจำลอง 09,08/10/2569,16/11/2569,ประเมินผลเสร็จสิ้น,,สูง,,เจ้าหน้าที่จำลอง 02,
ส่วนงานจำลอง 03,ฝ่ายจำลอง 04,MOCK-0282,รายการจำลองเร่งด่วนไฟดับ ลำดับ 0282,ประเภทจำลอง 02 - ระบายน้ำ,เขตจำลอง 06,ชุมชนจำลอง 02,09/10/2569,24/11/2569,ประเมินผลเสร็จสิ้น,,สูง,,เจ้าหน้าที่จำลอง 03,
ส่วนงานจำลอง 01,ฝ่ายจำลอง 07,MOCK-0283,รายการจำลองเร่งด่วนไฟดับ ลำดับ 0283,ประเภทจำลอง 03 - ถนน,เขตจำลอง 01,ชุมชนจำลอง 07,10/10/2569,02/12/2569,ประเมินผลเสร็จสิ้น,,สูง,,เจ้าหน้าที่จำลอง 01,
ส่วนงานจำลอง 02,ฝ่ายจำลอง 02,MOCK-0284,รายการจำลองซ่อมแซมทั่วไป ลำดับ 0284,ประเภทจำลอง 04 - พื้นที่สาธารณะ,เขตจำลอง 02,ชุมชนจำลอง 12,11/10/2569,19/10/2569,ประเมินผลเสร็จสิ้น,,กลาง,,เจ้าหน้าที่จำลอง 02,
ส่วนงานจำลอง 03,ฝ่ายจำลอง 05,MOCK-0285,รายการจำลองซ่อมแซมทั่วไป ลำดับ 0285,ประเภทจำลอง 05 - อาคาร,เขตจำลอง 03,ชุมชนจำลอง 05,12/10/2569,27/10/2569,ประเมินผลเสร็จสิ้น,,กลาง,,เจ้าหน้าที่จำลอง 03,
ส่วนงานจำลอง 01,ฝ่ายจำลอง 08,MOCK-0286,รายการจำลองซ่อมแซมทั่วไป ลำดับ 0286,ประเภทจำลอง 06 - ความสะอาด,เขตจำลอง 04,ชุมชนจำลอง 10,13/10/2569,04/11/2569,ประเมินผลเสร็จสิ้น,,กลาง,,เจ้าหน้าที่จำลอง 01,
ส่วนงานจำลอง 02,ฝ่ายจำลอง 03,MOCK-0287,รายการจำลองซ่อมแซมทั่วไป ลำดับ 0287,ประเภทจำลอง 07 - ป้าย,เขตจำลอง 05,ชุมชนจำลอง 03,14/10/2569,12/11/2569,ประเมินผลเสร็จสิ้น,,กลาง,,เจ้าหน้าที่จำลอง 02,
ส่วนงานจำลอง 03,ฝ่ายจำลอง 06,MOCK-0288,รายการจำลองข้อมูลทั่วไป ลำดับ 0288,ประเภทจำลอง 08 - อื่นๆ,เขตจำลอง 06,ชุมชนจำลอง 08,15/10/2569,20/11/2569,ประเมินผลเสร็จสิ้น,,ต่ำ,,เจ้าหน้าที่จำลอง 03,
ส่วนงานจำลอง 01,ฝ่ายจำลอง 01,MOCK-0289,รายการจำลองข้อมูลทั่วไป ลำดับ 0289,ประเภทจำลอง 01 - ไฟฟ้า,เขตจำลอง 01,ชุมชนจำลอง 01,16/10/2569,28/11/2569,ประเมินผลเสร็จสิ้น,,ต่ำ,,เจ้าหน้าที่จำลอง 01,
ส่วนงานจำลอง 02,ฝ่ายจำลอง 04,MOCK-0290,รายการจำลองข้อมูลทั่วไป ลำดับ 0290,ประเภทจำลอง 02 - ระบายน้ำ,เขตจำลอง 02,ชุมชนจำลอง 06,17/10/2569,06/12/2569,ประเมินผลเสร็จสิ้น,,ต่ำ,,เจ้าหน้าที่จำลอง 02,
ส่วนงานจำลอง 03,ฝ่ายจำลอง 07,MOCK-0291,รายการจำลองเร่งด่วนไฟดับ ลำดับ 0291,ประเภทจำลอง 03 - ถนน,เขตจำลอง 03,ชุมชนจำลอง 11,18/10/2569,23/10/2569,ประเมินผลเสร็จสิ้น,,สูง,,เจ้าหน้าที่จำลอง 03,
ส่วนงานจำลอง 01,ฝ่ายจำลอง 02,MOCK-0292,รายการจำลองเร่งด่วนไฟดับ ลำดับ 0292,ประเภทจำลอง 04 - พื้นที่สาธารณะ,เขตจำลอง 04,ชุมชนจำลอง 04,19/10/2569,31/10/2569,ประเมินผลเสร็จสิ้น,,สูง,,เจ้าหน้าที่จำลอง 01,
ส่วนงานจำลอง 02,ฝ่ายจำลอง 05,MOCK-0293,รายการจำลองเร่งด่วนไฟดับ ลำดับ 0293,ประเภทจำลอง 05 - อาคาร,เขตจำลอง 05,ชุมชนจำลอง 09,20/10/2569,08/11/2569,ประเมินผลเสร็จสิ้น,,สูง,,เจ้าหน้าที่จำลอง 02,
ส่วนงานจำลอง 03,ฝ่ายจำลอง 08,MOCK-0294,รายการจำลองซ่อมแซมทั่วไป ลำดับ 0294,ประเภทจำลอง 06 - ความสะอาด,เขตจำลอง 06,ชุมชนจำลอง 02,21/10/2569,16/11/2569,ประเมินผลเสร็จสิ้น,,กลาง,,เจ้าหน้าที่จำลอง 03,
ส่วนงานจำลอง 01,ฝ่ายจำลอง 03,MOCK-0295,รายการจำลองซ่อมแซมทั่วไป ลำดับ 0295,ประเภทจำลอง 07 - ป้าย,เขตจำลอง 01,ชุมชนจำลอง 07,22/10/2569,24/11/2569,ประเมินผลเสร็จสิ้น,,กลาง,,เจ้าหน้าที่จำลอง 01,
ส่วนงานจำลอง 02,ฝ่ายจำลอง 06,MOCK-0296,รายการจำลองซ่อมแซมทั่วไป ลำดับ 0296,ประเภทจำลอง 08 - อื่นๆ,เขตจำลอง 02,ชุมชนจำลอง 12,23/10/2569,02/12/2569,ประเมินผลเสร็จสิ้น,,กลาง,,เจ้าหน้าที่จำลอง 02,
ส่วนงานจำลอง 03,ฝ่ายจำลอง 01,MOCK-0297,รายการจำลองซ่อมแซมทั่วไป ลำดับ 0297,ประเภทจำลอง 01 - ไฟฟ้า,เขตจำลอง 03,ชุมชนจำลอง 05,24/10/2569,10/12/2569,ประเมินผลเสร็จสิ้น,,กลาง,,เจ้าหน้าที่จำลอง 03,
ส่วนงานจำลอง 01,ฝ่ายจำลอง 04,MOCK-0298,รายการจำลองข้อมูลทั่วไป ลำดับ 0298,ประเภทจำลอง 02 - ระบายน้ำ,เขตจำลอง 04,ชุมชนจำลอง 10,25/10/2569,18/12/2569,ประเมินผลเสร็จสิ้น,,ต่ำ,,เจ้าหน้าที่จำลอง 01,
ส่วนงานจำลอง 02,ฝ่ายจำลอง 07,MOCK-0299,รายการจำลองข้อมูลทั่วไป ลำดับ 0299,ประเภทจำลอง 03 - ถนน,เขตจำลอง 05,ชุมชนจำลอง 03,26/10/2569,04/11/2569,ประเมินผลเสร็จสิ้น,,ต่ำ,,เจ้าหน้าที่จำลอง 02,
ส่วนงานจำลอง 03,ฝ่ายจำลอง 02,MOCK-0300,รายการจำลองข้อมูลทั่วไป ลำดับ 0300,ประเภทจำลอง 04 - พื้นที่สาธารณะ,เขตจำลอง 06,ชุมชนจำลอง 08,27/10/2569,12/11/2569,ประเมินผลเสร็จสิ้น,,ต่ำ,,เจ้าหน้าที่จำลอง 03,
ส่วนงานจำลอง 01,ฝ่ายจำลอง 05,MOCK-0301,รายการจำลองเร่งด่วนไฟดับ ลำดับ 0301,ประเภทจำลอง 05 - อาคาร,เขตจำลอง 01,ชุมชนจำลอง 01,28/10/2569,20/11/2569,ประเมินผลเสร็จสิ้น,,สูง,,เจ้าหน้าที่จำลอง 01,
ส่วนงานจำลอง 02,ฝ่ายจำลอง 08,MOCK-0302,รายการจำลองเร่งด่วนไฟดับ ลำดับ 0302,ประเภทจำลอง 06 - ความสะอาด,เขตจำลอง 02,ชุมชนจำลอง 06,29/10/2569,28/11/2569,ประเมินผลเสร็จสิ้น,,สูง,,เจ้าหน้าที่จำลอง 02,
ส่วนงานจำลอง 03,ฝ่ายจำลอง 03,MOCK-0303,รายการจำลองเร่งด่วนไฟดับ ลำดับ 0303,ประเภทจำลอง 07 - ป้าย,เขตจำลอง 03,ชุมชนจำลอง 11,30/10/2569,06/12/2569,ประเมินผลเสร็จสิ้น,,สูง,,เจ้าหน้าที่จำลอง 03,
ส่วนงานจำลอง 01,ฝ่ายจำลอง 06,MOCK-0304,รายการจำลองซ่อมแซมทั่วไป ลำดับ 0304,ประเภทจำลอง 08 - อื่นๆ,เขตจำลอง 04,ชุมชนจำลอง 04,31/10/2569,14/12/2569,ประเมินผลเสร็จสิ้น,,กลาง,,เจ้าหน้าที่จำลอง 01,
ส่วนงานจำลอง 02,ฝ่ายจำลอง 01,MOCK-0305,รายการจำลองซ่อมแซมทั่วไป ลำดับ 0305,ประเภทจำลอง 01 - ไฟฟ้า,เขตจำลอง 05,ชุมชนจำลอง 09,01/11/2569,22/12/2569,ประเมินผลเสร็จสิ้น,,กลาง,,เจ้าหน้าที่จำลอง 02,
ส่วนงานจำลอง 03,ฝ่ายจำลอง 04,MOCK-0306,รายการจำลองซ่อมแซมทั่วไป ลำดับ 0306,ประเภทจำลอง 02 - ระบายน้ำ,เขตจำลอง 06,ชุมชนจำลอง 02,02/11/2569,08/11/2569,ประเมินผลเสร็จสิ้น,,กลาง,,เจ้าหน้าที่จำลอง 03,
ส่วนงานจำลอง 01,ฝ่ายจำลอง 07,MOCK-0307,รายการจำลองซ่อมแซมทั่วไป ลำดับ 0307,ประเภทจำลอง 03 - ถนน,เขตจำลอง 01,ชุมชนจำลอง 07,03/11/2569,16/11/2569,ประเมินผลเสร็จสิ้น,,กลาง,,เจ้าหน้าที่จำลอง 01,
ส่วนงานจำลอง 02,ฝ่ายจำลอง 02,MOCK-0308,รายการจำลองข้อมูลทั่วไป ลำดับ 0308,ประเภทจำลอง 04 - พื้นที่สาธารณะ,เขตจำลอง 02,ชุมชนจำลอง 12,04/11/2569,24/11/2569,ประเมินผลเสร็จสิ้น,,ต่ำ,,เจ้าหน้าที่จำลอง 02,
ส่วนงานจำลอง 03,ฝ่ายจำลอง 05,MOCK-0309,รายการจำลองข้อมูลทั่วไป ลำดับ 0309,ประเภทจำลอง 05 - อาคาร,เขตจำลอง 03,ชุมชนจำลอง 05,05/11/2569,02/12/2569,ประเมินผลเสร็จสิ้น,,ต่ำ,,เจ้าหน้าที่จำลอง 03,
ส่วนงานจำลอง 01,ฝ่ายจำลอง 08,MOCK-0310,รายการจำลองข้อมูลทั่วไป ลำดับ 0310,ประเภทจำลอง 06 - ความสะอาด,เขตจำลอง 04,ชุมชนจำลอง 10,06/11/2569,10/12/2569,ประเมินผลเสร็จสิ้น,,ต่ำ,,เจ้าหน้าที่จำลอง 01,
ส่วนงานจำลอง 02,ฝ่ายจำลอง 03,MOCK-0311,รายการจำลองเร่งด่วนไฟดับ ลำดับ 0311,ประเภทจำลอง 07 - ป้าย,เขตจำลอง 05,ชุมชนจำลอง 03,07/11/2569,18/12/2569,ประเมินผลเสร็จสิ้น,,สูง,,เจ้าหน้าที่จำลอง 02,
ส่วนงานจำลอง 03,ฝ่ายจำลอง 06,MOCK-0312,รายการจำลองเร่งด่วนไฟดับ ลำดับ 0312,ประเภทจำลอง 08 - อื่นๆ,เขตจำลอง 06,ชุมชนจำลอง 08,08/11/2569,26/12/2569,ประเมินผลเสร็จสิ้น,,สูง,,เจ้าหน้าที่จำลอง 03,
ส่วนงานจำลอง 01,ฝ่ายจำลอง 01,MOCK-0313,รายการจำลองเร่งด่วนไฟดับ ลำดับ 0313,ประเภทจำลอง 01 - ไฟฟ้า,เขตจำลอง 01,ชุมชนจำลอง 01,09/11/2569,12/11/2569,ประเมินผลเสร็จสิ้น,,สูง,,เจ้าหน้าที่จำลอง 01,
ส่วนงานจำลอง 02,ฝ่ายจำลอง 04,MOCK-0314,รายการจำลองซ่อมแซมทั่วไป ลำดับ 0314,ประเภทจำลอง 02 - ระบายน้ำ,เขตจำลอง 02,ชุมชนจำลอง 06,10/11/2569,20/11/2569,ประเมินผลเสร็จสิ้น,,กลาง,,เจ้าหน้าที่จำลอง 02,
ส่วนงานจำลอง 03,ฝ่ายจำลอง 07,MOCK-0315,รายการจำลองซ่อมแซมทั่วไป ลำดับ 0315,ประเภทจำลอง 03 - ถนน,เขตจำลอง 03,ชุมชนจำลอง 11,11/11/2569,28/11/2569,ประเมินผลเสร็จสิ้น,,กลาง,,เจ้าหน้าที่จำลอง 03,
ส่วนงานจำลอง 01,ฝ่ายจำลอง 02,MOCK-0316,รายการจำลองซ่อมแซมทั่วไป ลำดับ 0316,ประเภทจำลอง 04 - พื้นที่สาธารณะ,เขตจำลอง 04,ชุมชนจำลอง 04,12/11/2569,06/12/2569,ประเมินผลเสร็จสิ้น,,กลาง,,เจ้าหน้าที่จำลอง 01,
ส่วนงานจำลอง 02,ฝ่ายจำลอง 05,MOCK-0317,รายการจำลองซ่อมแซมทั่วไป ลำดับ 0317,ประเภทจำลอง 05 - อาคาร,เขตจำลอง 05,ชุมชนจำลอง 09,13/11/2569,14/12/2569,ประเมินผลเสร็จสิ้น,,กลาง,,เจ้าหน้าที่จำลอง 02,
ส่วนงานจำลอง 03,ฝ่ายจำลอง 08,MOCK-0318,รายการจำลองข้อมูลทั่วไป ลำดับ 0318,ประเภทจำลอง 06 - ความสะอาด,เขตจำลอง 06,ชุมชนจำลอง 02,14/11/2569,22/12/2569,ประเมินผลเสร็จสิ้น,,ต่ำ,,เจ้าหน้าที่จำลอง 03,
ส่วนงานจำลอง 01,ฝ่ายจำลอง 03,MOCK-0319,รายการจำลองข้อมูลทั่วไป ลำดับ 0319,ประเภทจำลอง 07 - ป้าย,เขตจำลอง 01,ชุมชนจำลอง 07,15/11/2569,30/12/2569,ประเมินผลเสร็จสิ้น,,ต่ำ,,เจ้าหน้าที่จำลอง 01,
ส่วนงานจำลอง 02,ฝ่ายจำลอง 06,MOCK-0320,รายการจำลองข้อมูลทั่วไป ลำดับ 0320,ประเภทจำลอง 08 - อื่นๆ,เขตจำลอง 02,ชุมชนจำลอง 12,16/11/2569,07/01/2570,ประเมินผลเสร็จสิ้น,,ต่ำ,,เจ้าหน้าที่จำลอง 02,
ส่วนงานจำลอง 03,ฝ่ายจำลอง 01,MOCK-0321,รายการจำลองเร่งด่วนไฟดับ ลำดับ 0321,ประเภทจำลอง 01 - ไฟฟ้า,เขตจำลอง 03,ชุมชนจำลอง 05,17/11/2569,24/11/2569,ประเมินผลเสร็จสิ้น,,สูง,,เจ้าหน้าที่จำลอง 03,
ส่วนงานจำลอง 01,ฝ่ายจำลอง 04,MOCK-0322,รายการจำลองเร่งด่วนไฟดับ ลำดับ 0322,ประเภทจำลอง 02 - ระบายน้ำ,เขตจำลอง 04,ชุมชนจำลอง 10,18/11/2569,02/12/2569,ประเมินผลเสร็จสิ้น,,สูง,,เจ้าหน้าที่จำลอง 01,
ส่วนงานจำลอง 02,ฝ่ายจำลอง 07,MOCK-0323,รายการจำลองเร่งด่วนไฟดับ ลำดับ 0323,ประเภทจำลอง 03 - ถนน,เขตจำลอง 05,ชุมชนจำลอง 03,19/11/2569,10/12/2569,ประเมินผลเสร็จสิ้น,,สูง,,เจ้าหน้าที่จำลอง 02,
ส่วนงานจำลอง 03,ฝ่ายจำลอง 02,MOCK-0324,รายการจำลองซ่อมแซมทั่วไป ลำดับ 0324,ประเภทจำลอง 04 - พื้นที่สาธารณะ,เขตจำลอง 06,ชุมชนจำลอง 08,20/11/2569,18/12/2569,ประเมินผลเสร็จสิ้น,,กลาง,,เจ้าหน้าที่จำลอง 03,
ส่วนงานจำลอง 01,ฝ่ายจำลอง 05,MOCK-0325,รายการจำลองซ่อมแซมทั่วไป ลำดับ 0325,ประเภทจำลอง 05 - อาคาร,เขตจำลอง 01,ชุมชนจำลอง 01,21/11/2569,26/12/2569,ประเมินผลเสร็จสิ้น,,กลาง,,เจ้าหน้าที่จำลอง 01,
ส่วนงานจำลอง 02,ฝ่ายจำลอง 08,MOCK-0326,รายการจำลองซ่อมแซมทั่วไป ลำดับ 0326,ประเภทจำลอง 06 - ความสะอาด,เขตจำลอง 02,ชุมชนจำลอง 06,22/11/2569,03/01/2570,ประเมินผลเสร็จสิ้น,,กลาง,,เจ้าหน้าที่จำลอง 02,
ส่วนงานจำลอง 03,ฝ่ายจำลอง 03,MOCK-0327,รายการจำลองซ่อมแซมทั่วไป ลำดับ 0327,ประเภทจำลอง 07 - ป้าย,เขตจำลอง 03,ชุมชนจำลอง 11,23/11/2569,11/01/2570,ประเมินผลเสร็จสิ้น,,กลาง,,เจ้าหน้าที่จำลอง 03,
ส่วนงานจำลอง 01,ฝ่ายจำลอง 06,MOCK-0328,รายการจำลองข้อมูลทั่วไป ลำดับ 0328,ประเภทจำลอง 08 - อื่นๆ,เขตจำลอง 04,ชุมชนจำลอง 04,24/11/2569,28/11/2569,ประเมินผลเสร็จสิ้น,,ต่ำ,,เจ้าหน้าที่จำลอง 01,
ส่วนงานจำลอง 02,ฝ่ายจำลอง 01,MOCK-0329,รายการจำลองข้อมูลทั่วไป ลำดับ 0329,ประเภทจำลอง 01 - ไฟฟ้า,เขตจำลอง 05,ชุมชนจำลอง 09,25/11/2569,06/12/2569,ประเมินผลเสร็จสิ้น,,ต่ำ,,เจ้าหน้าที่จำลอง 02,
ส่วนงานจำลอง 03,ฝ่ายจำลอง 04,MOCK-0330,รายการจำลองข้อมูลทั่วไป ลำดับ 0330,ประเภทจำลอง 02 - ระบายน้ำ,เขตจำลอง 06,ชุมชนจำลอง 02,26/11/2569,14/12/2569,ประเมินผลเสร็จสิ้น,,ต่ำ,,เจ้าหน้าที่จำลอง 03,
ส่วนงานจำลอง 01,ฝ่ายจำลอง 07,MOCK-0331,รายการจำลองเร่งด่วนไฟดับ ลำดับ 0331,ประเภทจำลอง 03 - ถนน,เขตจำลอง 01,ชุมชนจำลอง 07,27/11/2569,22/12/2569,ประเมินผลเสร็จสิ้น,,สูง,,เจ้าหน้าที่จำลอง 01,
ส่วนงานจำลอง 02,ฝ่ายจำลอง 02,MOCK-0332,รายการจำลองเร่งด่วนไฟดับ ลำดับ 0332,ประเภทจำลอง 04 - พื้นที่สาธารณะ,เขตจำลอง 02,ชุมชนจำลอง 12,28/11/2569,30/12/2569,ประเมินผลเสร็จสิ้น,,สูง,,เจ้าหน้าที่จำลอง 02,
ส่วนงานจำลอง 03,ฝ่ายจำลอง 05,MOCK-0333,รายการจำลองเร่งด่วนไฟดับ ลำดับ 0333,ประเภทจำลอง 05 - อาคาร,เขตจำลอง 03,ชุมชนจำลอง 05,29/11/2569,07/01/2570,ประเมินผลเสร็จสิ้น,,สูง,,เจ้าหน้าที่จำลอง 03,
ส่วนงานจำลอง 01,ฝ่ายจำลอง 08,MOCK-0334,รายการจำลองซ่อมแซมทั่วไป ลำดับ 0334,ประเภทจำลอง 06 - ความสะอาด,เขตจำลอง 04,ชุมชนจำลอง 10,30/11/2569,15/01/2570,ประเมินผลเสร็จสิ้น,,กลาง,,เจ้าหน้าที่จำลอง 01,
ส่วนงานจำลอง 02,ฝ่ายจำลอง 03,MOCK-0335,รายการจำลองซ่อมแซมทั่วไป ลำดับ 0335,ประเภทจำลอง 07 - ป้าย,เขตจำลอง 05,ชุมชนจำลอง 03,01/12/2569,23/01/2570,ประเมินผลเสร็จสิ้น,,กลาง,,เจ้าหน้าที่จำลอง 02,
ส่วนงานจำลอง 03,ฝ่ายจำลอง 06,MOCK-0336,รายการจำลองซ่อมแซมทั่วไป ลำดับ 0336,ประเภทจำลอง 08 - อื่นๆ,เขตจำลอง 06,ชุมชนจำลอง 08,02/12/2569,10/12/2569,ประเมินผลเสร็จสิ้น,,กลาง,,เจ้าหน้าที่จำลอง 03,
ส่วนงานจำลอง 01,ฝ่ายจำลอง 01,MOCK-0337,รายการจำลองซ่อมแซมทั่วไป ลำดับ 0337,ประเภทจำลอง 01 - ไฟฟ้า,เขตจำลอง 01,ชุมชนจำลอง 01,03/12/2569,18/12/2569,ประเมินผลเสร็จสิ้น,,กลาง,,เจ้าหน้าที่จำลอง 01,
ส่วนงานจำลอง 02,ฝ่ายจำลอง 04,MOCK-0338,รายการจำลองข้อมูลทั่วไป ลำดับ 0338,ประเภทจำลอง 02 - ระบายน้ำ,เขตจำลอง 02,ชุมชนจำลอง 06,04/12/2569,26/12/2569,ประเมินผลเสร็จสิ้น,,ต่ำ,,เจ้าหน้าที่จำลอง 02,
ส่วนงานจำลอง 03,ฝ่ายจำลอง 07,MOCK-0339,รายการจำลองข้อมูลทั่วไป ลำดับ 0339,ประเภทจำลอง 03 - ถนน,เขตจำลอง 03,ชุมชนจำลอง 11,05/12/2569,03/01/2570,ประเมินผลเสร็จสิ้น,,ต่ำ,,เจ้าหน้าที่จำลอง 03,
ส่วนงานจำลอง 01,ฝ่ายจำลอง 02,MOCK-0340,รายการจำลองข้อมูลทั่วไป ลำดับ 0340,ประเภทจำลอง 04 - พื้นที่สาธารณะ,เขตจำลอง 04,ชุมชนจำลอง 04,06/12/2569,11/01/2570,ประเมินผลเสร็จสิ้น,,ต่ำ,,เจ้าหน้าที่จำลอง 01,
ส่วนงานจำลอง 02,ฝ่ายจำลอง 05,MOCK-0341,รายการจำลองเร่งด่วนไฟดับ ลำดับ 0341,ประเภทจำลอง 05 - อาคาร,เขตจำลอง 05,ชุมชนจำลอง 09,07/12/2569,19/01/2570,ประเมินผลเสร็จสิ้น,,สูง,,เจ้าหน้าที่จำลอง 02,
ส่วนงานจำลอง 03,ฝ่ายจำลอง 08,MOCK-0342,รายการจำลองเร่งด่วนไฟดับ ลำดับ 0342,ประเภทจำลอง 06 - ความสะอาด,เขตจำลอง 06,ชุมชนจำลอง 02,08/12/2569,27/01/2570,ประเมินผลเสร็จสิ้น,,สูง,,เจ้าหน้าที่จำลอง 03,
ส่วนงานจำลอง 01,ฝ่ายจำลอง 03,MOCK-0343,รายการจำลองเร่งด่วนไฟดับ ลำดับ 0343,ประเภทจำลอง 07 - ป้าย,เขตจำลอง 01,ชุมชนจำลอง 07,09/12/2569,14/12/2569,ประเมินผลเสร็จสิ้น,,สูง,,เจ้าหน้าที่จำลอง 01,
ส่วนงานจำลอง 02,ฝ่ายจำลอง 06,MOCK-0344,รายการจำลองซ่อมแซมทั่วไป ลำดับ 0344,ประเภทจำลอง 08 - อื่นๆ,เขตจำลอง 02,ชุมชนจำลอง 12,10/12/2569,22/12/2569,ประเมินผลเสร็จสิ้น,,กลาง,,เจ้าหน้าที่จำลอง 02,
ส่วนงานจำลอง 03,ฝ่ายจำลอง 01,MOCK-0345,รายการจำลองซ่อมแซมทั่วไป ลำดับ 0345,ประเภทจำลอง 01 - ไฟฟ้า,เขตจำลอง 03,ชุมชนจำลอง 05,11/12/2569,30/12/2569,ประเมินผลเสร็จสิ้น,,กลาง,,เจ้าหน้าที่จำลอง 03,
ส่วนงานจำลอง 01,ฝ่ายจำลอง 04,MOCK-0346,รายการจำลองซ่อมแซมทั่วไป ลำดับ 0346,ประเภทจำลอง 02 - ระบายน้ำ,เขตจำลอง 04,ชุมชนจำลอง 10,12/12/2569,07/01/2570,ประเมินผลเสร็จสิ้น,,กลาง,,เจ้าหน้าที่จำลอง 01,
ส่วนงานจำลอง 02,ฝ่ายจำลอง 07,MOCK-0347,รายการจำลองซ่อมแซมทั่วไป ลำดับ 0347,ประเภทจำลอง 03 - ถนน,เขตจำลอง 05,ชุมชนจำลอง 03,13/12/2569,15/01/2570,ประเมินผลเสร็จสิ้น,,กลาง,,เจ้าหน้าที่จำลอง 02,
ส่วนงานจำลอง 03,ฝ่ายจำลอง 02,MOCK-0348,รายการจำลองข้อมูลทั่วไป ลำดับ 0348,ประเภทจำลอง 04 - พื้นที่สาธารณะ,เขตจำลอง 06,ชุมชนจำลอง 08,14/12/2569,23/01/2570,ประเมินผลเสร็จสิ้น,,ต่ำ,,เจ้าหน้าที่จำลอง 03,
ส่วนงานจำลอง 01,ฝ่ายจำลอง 05,MOCK-0349,รายการจำลองข้อมูลทั่วไป ลำดับ 0349,ประเภทจำลอง 05 - อาคาร,เขตจำลอง 01,ชุมชนจำลอง 01,15/12/2569,31/01/2570,ประเมินผลเสร็จสิ้น,,ต่ำ,,เจ้าหน้าที่จำลอง 01,
ส่วนงานจำลอง 02,ฝ่ายจำลอง 08,MOCK-0350,รายการจำลองข้อมูลทั่วไป ลำดับ 0350,ประเภทจำลอง 06 - ความสะอาด,เขตจำลอง 02,ชุมชนจำลอง 06,16/12/2569,08/02/2570,ประเมินผลเสร็จสิ้น,,ต่ำ,,เจ้าหน้าที่จำลอง 02,
ส่วนงานจำลอง 03,ฝ่ายจำลอง 03,MOCK-0351,รายการจำลองเร่งด่วนไฟดับ ลำดับ 0351,ประเภทจำลอง 07 - ป้าย,เขตจำลอง 03,ชุมชนจำลอง 11,17/12/2569,26/12/2569,ประเมินผลเสร็จสิ้น,,สูง,,เจ้าหน้าที่จำลอง 03,
ส่วนงานจำลอง 01,ฝ่ายจำลอง 06,MOCK-0352,รายการจำลองเร่งด่วนไฟดับ ลำดับ 0352,ประเภทจำลอง 08 - อื่นๆ,เขตจำลอง 04,ชุมชนจำลอง 04,18/12/2569,03/01/2570,ประเมินผลเสร็จสิ้น,,สูง,,เจ้าหน้าที่จำลอง 01,
ส่วนงานจำลอง 02,ฝ่ายจำลอง 01,MOCK-0353,รายการจำลองเร่งด่วนไฟดับ ลำดับ 0353,ประเภทจำลอง 01 - ไฟฟ้า,เขตจำลอง 05,ชุมชนจำลอง 09,19/12/2569,11/01/2570,ประเมินผลเสร็จสิ้น,,สูง,,เจ้าหน้าที่จำลอง 02,
ส่วนงานจำลอง 03,ฝ่ายจำลอง 04,MOCK-0354,รายการจำลองซ่อมแซมทั่วไป ลำดับ 0354,ประเภทจำลอง 02 - ระบายน้ำ,เขตจำลอง 06,ชุมชนจำลอง 02,20/12/2569,19/01/2570,ประเมินผลเสร็จสิ้น,,กลาง,,เจ้าหน้าที่จำลอง 03,
ส่วนงานจำลอง 01,ฝ่ายจำลอง 07,MOCK-0355,รายการจำลองซ่อมแซมทั่วไป ลำดับ 0355,ประเภทจำลอง 03 - ถนน,เขตจำลอง 01,ชุมชนจำลอง 07,21/12/2569,27/01/2570,ประเมินผลเสร็จสิ้น,,กลาง,,เจ้าหน้าที่จำลอง 01,
ส่วนงานจำลอง 02,ฝ่ายจำลอง 02,MOCK-0356,รายการจำลองซ่อมแซมทั่วไป ลำดับ 0356,ประเภทจำลอง 04 - พื้นที่สาธารณะ,เขตจำลอง 02,ชุมชนจำลอง 12,22/12/2569,04/02/2570,ประเมินผลเสร็จสิ้น,,กลาง,,เจ้าหน้าที่จำลอง 02,
ส่วนงานจำลอง 03,ฝ่ายจำลอง 05,MOCK-0357,รายการจำลองซ่อมแซมทั่วไป ลำดับ 0357,ประเภทจำลอง 05 - อาคาร,เขตจำลอง 03,ชุมชนจำลอง 05,23/12/2569,12/02/2570,ประเมินผลเสร็จสิ้น,,กลาง,,เจ้าหน้าที่จำลอง 03,
ส่วนงานจำลอง 01,ฝ่ายจำลอง 08,MOCK-0358,รายการจำลองข้อมูลทั่วไป ลำดับ 0358,ประเภทจำลอง 06 - ความสะอาด,เขตจำลอง 04,ชุมชนจำลอง 10,24/12/2569,30/12/2569,ประเมินผลเสร็จสิ้น,,ต่ำ,,เจ้าหน้าที่จำลอง 01,
ส่วนงานจำลอง 02,ฝ่ายจำลอง 03,MOCK-0359,รายการจำลองข้อมูลทั่วไป ลำดับ 0359,ประเภทจำลอง 07 - ป้าย,เขตจำลอง 05,ชุมชนจำลอง 03,25/12/2569,07/01/2570,ประเมินผลเสร็จสิ้น,,ต่ำ,,เจ้าหน้าที่จำลอง 02,
ส่วนงานจำลอง 03,ฝ่ายจำลอง 06,MOCK-0360,รายการจำลองข้อมูลทั่วไป ลำดับ 0360,ประเภทจำลอง 08 - อื่นๆ,เขตจำลอง 06,ชุมชนจำลอง 08,26/12/2569,15/01/2570,ประเมินผลเสร็จสิ้น,,ต่ำ,,เจ้าหน้าที่จำลอง 03,
ส่วนงานจำลอง 01,ฝ่ายจำลอง 01,MOCK-0361,รายการจำลองเร่งด่วนไฟดับ ลำดับ 0361,ประเภทจำลอง 01 - ไฟฟ้า,เขตจำลอง 01,ชุมชนจำลอง 01,27/12/2569,23/01/2570,ประเมินผลเสร็จสิ้น,,สูง,,เจ้าหน้าที่จำลอง 01,
ส่วนงานจำลอง 02,ฝ่ายจำลอง 04,MOCK-0362,รายการจำลองเร่งด่วนไฟดับ ลำดับ 0362,ประเภทจำลอง 02 - ระบายน้ำ,เขตจำลอง 02,ชุมชนจำลอง 06,28/12/2569,31/01/2570,ประเมินผลเสร็จสิ้น,,สูง,,เจ้าหน้าที่จำลอง 02,
ส่วนงานจำลอง 03,ฝ่ายจำลอง 07,MOCK-0363,รายการจำลองเร่งด่วนไฟดับ ลำดับ 0363,ประเภทจำลอง 03 - ถนน,เขตจำลอง 03,ชุมชนจำลอง 11,29/12/2569,08/02/2570,ประเมินผลเสร็จสิ้น,,สูง,,เจ้าหน้าที่จำลอง 03,
ส่วนงานจำลอง 01,ฝ่ายจำลอง 02,MOCK-0364,รายการจำลองซ่อมแซมทั่วไป ลำดับ 0364,ประเภทจำลอง 04 - พื้นที่สาธารณะ,เขตจำลอง 04,ชุมชนจำลอง 04,30/12/2569,16/02/2570,ประเมินผลเสร็จสิ้น,,กลาง,,เจ้าหน้าที่จำลอง 01,
ส่วนงานจำลอง 02,ฝ่ายจำลอง 05,MOCK-0365,รายการจำลองซ่อมแซมทั่วไป ลำดับ 0365,ประเภทจำลอง 05 - อาคาร,เขตจำลอง 05,ชุมชนจำลอง 09,31/12/2569,03/01/2570,ประเมินผลเสร็จสิ้น,,กลาง,,เจ้าหน้าที่จำลอง 02,
ส่วนงานจำลอง 03,ฝ่ายจำลอง 08,MOCK-0366,รายการจำลองซ่อมแซมทั่วไป ลำดับ 0366,ประเภทจำลอง 06 - ความสะอาด,เขตจำลอง 06,ชุมชนจำลอง 02,01/01/2570,11/01/2570,ประเมินผลเสร็จสิ้น,,กลาง,,เจ้าหน้าที่จำลอง 03,
ส่วนงานจำลอง 01,ฝ่ายจำลอง 03,MOCK-0367,รายการจำลองซ่อมแซมทั่วไป ลำดับ 0367,ประเภทจำลอง 07 - ป้าย,เขตจำลอง 01,ชุมชนจำลอง 07,02/01/2570,19/01/2570,ประเมินผลเสร็จสิ้น,,กลาง,,เจ้าหน้าที่จำลอง 01,
ส่วนงานจำลอง 02,ฝ่ายจำลอง 06,MOCK-0368,รายการจำลองข้อมูลทั่วไป ลำดับ 0368,ประเภทจำลอง 08 - อื่นๆ,เขตจำลอง 02,ชุมชนจำลอง 12,03/01/2570,27/01/2570,ประเมินผลเสร็จสิ้น,,ต่ำ,,เจ้าหน้าที่จำลอง 02,
ส่วนงานจำลอง 03,ฝ่ายจำลอง 01,MOCK-0369,รายการจำลองข้อมูลทั่วไป ลำดับ 0369,ประเภทจำลอง 01 - ไฟฟ้า,เขตจำลอง 03,ชุมชนจำลอง 05,04/01/2570,04/02/2570,ประเมินผลเสร็จสิ้น,,ต่ำ,,เจ้าหน้าที่จำลอง 03,
ส่วนงานจำลอง 01,ฝ่ายจำลอง 04,MOCK-0370,รายการจำลองข้อมูลทั่วไป ลำดับ 0370,ประเภทจำลอง 02 - ระบายน้ำ,เขตจำลอง 04,ชุมชนจำลอง 10,05/01/2570,12/02/2570,ประเมินผลเสร็จสิ้น,,ต่ำ,,เจ้าหน้าที่จำลอง 01,
ส่วนงานจำลอง 02,ฝ่ายจำลอง 07,MOCK-0371,รายการจำลองเร่งด่วนไฟดับ ลำดับ 0371,ประเภทจำลอง 03 - ถนน,เขตจำลอง 05,ชุมชนจำลอง 03,06/01/2570,20/02/2570,ประเมินผลเสร็จสิ้น,,สูง,,เจ้าหน้าที่จำลอง 02,
ส่วนงานจำลอง 03,ฝ่ายจำลอง 02,MOCK-0372,รายการจำลองเร่งด่วนไฟดับ ลำดับ 0372,ประเภทจำลอง 04 - พื้นที่สาธารณะ,เขตจำลอง 06,ชุมชนจำลอง 08,07/01/2570,28/02/2570,ประเมินผลเสร็จสิ้น,,สูง,,เจ้าหน้าที่จำลอง 03,
ส่วนงานจำลอง 01,ฝ่ายจำลอง 05,MOCK-0373,รายการจำลองเร่งด่วนไฟดับ ลำดับ 0373,ประเภทจำลอง 05 - อาคาร,เขตจำลอง 01,ชุมชนจำลอง 01,08/01/2570,15/01/2570,ประเมินผลเสร็จสิ้น,,สูง,,เจ้าหน้าที่จำลอง 01,
ส่วนงานจำลอง 02,ฝ่ายจำลอง 08,MOCK-0374,รายการจำลองซ่อมแซมทั่วไป ลำดับ 0374,ประเภทจำลอง 06 - ความสะอาด,เขตจำลอง 02,ชุมชนจำลอง 06,09/01/2570,23/01/2570,ประเมินผลเสร็จสิ้น,,กลาง,,เจ้าหน้าที่จำลอง 02,
ส่วนงานจำลอง 03,ฝ่ายจำลอง 03,MOCK-0375,รายการจำลองซ่อมแซมทั่วไป ลำดับ 0375,ประเภทจำลอง 07 - ป้าย,เขตจำลอง 03,ชุมชนจำลอง 11,10/01/2570,31/01/2570,ประเมินผลเสร็จสิ้น,,กลาง,,เจ้าหน้าที่จำลอง 03,
ส่วนงานจำลอง 01,ฝ่ายจำลอง 06,MOCK-0376,รายการจำลองซ่อมแซมทั่วไป ลำดับ 0376,ประเภทจำลอง 08 - อื่นๆ,เขตจำลอง 04,ชุมชนจำลอง 04,11/01/2570,08/02/2570,ประเมินผลเสร็จสิ้น,,กลาง,,เจ้าหน้าที่จำลอง 01,
ส่วนงานจำลอง 02,ฝ่ายจำลอง 01,MOCK-0377,รายการจำลองซ่อมแซมทั่วไป ลำดับ 0377,ประเภทจำลอง 01 - ไฟฟ้า,เขตจำลอง 05,ชุมชนจำลอง 09,12/01/2570,16/02/2570,ประเมินผลเสร็จสิ้น,,กลาง,,เจ้าหน้าที่จำลอง 02,
ส่วนงานจำลอง 03,ฝ่ายจำลอง 04,MOCK-0378,รายการจำลองข้อมูลทั่วไป ลำดับ 0378,ประเภทจำลอง 02 - ระบายน้ำ,เขตจำลอง 06,ชุมชนจำลอง 02,13/01/2570,24/02/2570,ประเมินผลเสร็จสิ้น,,ต่ำ,,เจ้าหน้าที่จำลอง 03,
ส่วนงานจำลอง 01,ฝ่ายจำลอง 07,MOCK-0379,รายการจำลองข้อมูลทั่วไป ลำดับ 0379,ประเภทจำลอง 03 - ถนน,เขตจำลอง 01,ชุมชนจำลอง 07,14/01/2570,04/03/2570,ประเมินผลเสร็จสิ้น,,ต่ำ,,เจ้าหน้าที่จำลอง 01,
ส่วนงานจำลอง 02,ฝ่ายจำลอง 02,MOCK-0380,รายการจำลองข้อมูลทั่วไป ลำดับ 0380,ประเภทจำลอง 04 - พื้นที่สาธารณะ,เขตจำลอง 02,ชุมชนจำลอง 12,15/01/2570,19/01/2570,ประเมินผลเสร็จสิ้น,,ต่ำ,,เจ้าหน้าที่จำลอง 02,
ส่วนงานจำลอง 03,ฝ่ายจำลอง 05,MOCK-0381,รายการจำลองเร่งด่วนไฟดับ ลำดับ 0381,ประเภทจำลอง 05 - อาคาร,เขตจำลอง 03,ชุมชนจำลอง 05,16/01/2570,27/01/2570,ประเมินผลเสร็จสิ้น,,สูง,,เจ้าหน้าที่จำลอง 03,
ส่วนงานจำลอง 01,ฝ่ายจำลอง 08,MOCK-0382,รายการจำลองเร่งด่วนไฟดับ ลำดับ 0382,ประเภทจำลอง 06 - ความสะอาด,เขตจำลอง 04,ชุมชนจำลอง 10,17/01/2570,04/02/2570,ประเมินผลเสร็จสิ้น,,สูง,,เจ้าหน้าที่จำลอง 01,
ส่วนงานจำลอง 02,ฝ่ายจำลอง 03,MOCK-0383,รายการจำลองเร่งด่วนไฟดับ ลำดับ 0383,ประเภทจำลอง 07 - ป้าย,เขตจำลอง 05,ชุมชนจำลอง 03,18/01/2570,12/02/2570,ประเมินผลเสร็จสิ้น,,สูง,,เจ้าหน้าที่จำลอง 02,
ส่วนงานจำลอง 03,ฝ่ายจำลอง 06,MOCK-0384,รายการจำลองซ่อมแซมทั่วไป ลำดับ 0384,ประเภทจำลอง 08 - อื่นๆ,เขตจำลอง 06,ชุมชนจำลอง 08,19/01/2570,20/02/2570,ประเมินผลเสร็จสิ้น,,กลาง,,เจ้าหน้าที่จำลอง 03,
ส่วนงานจำลอง 01,ฝ่ายจำลอง 01,MOCK-0385,รายการจำลองซ่อมแซมทั่วไป ลำดับ 0385,ประเภทจำลอง 01 - ไฟฟ้า,เขตจำลอง 01,ชุมชนจำลอง 01,20/01/2570,28/02/2570,ประเมินผลเสร็จสิ้น,,กลาง,,เจ้าหน้าที่จำลอง 01,
ส่วนงานจำลอง 02,ฝ่ายจำลอง 04,MOCK-0386,รายการจำลองซ่อมแซมทั่วไป ลำดับ 0386,ประเภทจำลอง 02 - ระบายน้ำ,เขตจำลอง 02,ชุมชนจำลอง 06,21/01/2570,08/03/2570,ประเมินผลเสร็จสิ้น,,กลาง,,เจ้าหน้าที่จำลอง 02,
ส่วนงานจำลอง 03,ฝ่ายจำลอง 07,MOCK-0387,รายการจำลองซ่อมแซมทั่วไป ลำดับ 0387,ประเภทจำลอง 03 - ถนน,เขตจำลอง 03,ชุมชนจำลอง 11,22/01/2570,16/03/2570,ประเมินผลเสร็จสิ้น,,กลาง,,เจ้าหน้าที่จำลอง 03,
ส่วนงานจำลอง 01,ฝ่ายจำลอง 02,MOCK-0388,รายการจำลองข้อมูลทั่วไป ลำดับ 0388,ประเภทจำลอง 04 - พื้นที่สาธารณะ,เขตจำลอง 04,ชุมชนจำลอง 04,23/01/2570,31/01/2570,ประเมินผลเสร็จสิ้น,,ต่ำ,,เจ้าหน้าที่จำลอง 01,
ส่วนงานจำลอง 02,ฝ่ายจำลอง 05,MOCK-0389,รายการจำลองข้อมูลทั่วไป ลำดับ 0389,ประเภทจำลอง 05 - อาคาร,เขตจำลอง 05,ชุมชนจำลอง 09,24/01/2570,08/02/2570,ประเมินผลเสร็จสิ้น,,ต่ำ,,เจ้าหน้าที่จำลอง 02,
ส่วนงานจำลอง 03,ฝ่ายจำลอง 08,MOCK-0390,รายการจำลองข้อมูลทั่วไป ลำดับ 0390,ประเภทจำลอง 06 - ความสะอาด,เขตจำลอง 06,ชุมชนจำลอง 02,25/01/2570,16/02/2570,ประเมินผลเสร็จสิ้น,,ต่ำ,,เจ้าหน้าที่จำลอง 03,
ส่วนงานจำลอง 01,ฝ่ายจำลอง 03,MOCK-0391,รายการจำลองเร่งด่วนไฟดับ ลำดับ 0391,ประเภทจำลอง 07 - ป้าย,เขตจำลอง 01,ชุมชนจำลอง 07,26/01/2570,24/02/2570,ประเมินผลเสร็จสิ้น,,สูง,,เจ้าหน้าที่จำลอง 01,
ส่วนงานจำลอง 02,ฝ่ายจำลอง 06,MOCK-0392,รายการจำลองเร่งด่วนไฟดับ ลำดับ 0392,ประเภทจำลอง 08 - อื่นๆ,เขตจำลอง 02,ชุมชนจำลอง 12,27/01/2570,04/03/2570,ประเมินผลเสร็จสิ้น,,สูง,,เจ้าหน้าที่จำลอง 02,
ส่วนงานจำลอง 03,ฝ่ายจำลอง 01,MOCK-0393,รายการจำลองเร่งด่วนไฟดับ ลำดับ 0393,ประเภทจำลอง 01 - ไฟฟ้า,เขตจำลอง 03,ชุมชนจำลอง 05,28/01/2570,12/03/2570,ประเมินผลเสร็จสิ้น,,สูง,,เจ้าหน้าที่จำลอง 03,
ส่วนงานจำลอง 01,ฝ่ายจำลอง 04,MOCK-0394,รายการจำลองซ่อมแซมทั่วไป ลำดับ 0394,ประเภทจำลอง 02 - ระบายน้ำ,เขตจำลอง 04,ชุมชนจำลอง 10,29/01/2570,20/03/2570,ประเมินผลเสร็จสิ้น,,กลาง,,เจ้าหน้าที่จำลอง 01,
ส่วนงานจำลอง 02,ฝ่ายจำลอง 07,MOCK-0395,รายการจำลองซ่อมแซมทั่วไป ลำดับ 0395,ประเภทจำลอง 03 - ถนน,เขตจำลอง 05,ชุมชนจำลอง 03,30/01/2570,04/02/2570,ประเมินผลเสร็จสิ้น,,กลาง,,เจ้าหน้าที่จำลอง 02,
ส่วนงานจำลอง 03,ฝ่ายจำลอง 02,MOCK-0396,รายการจำลองซ่อมแซมทั่วไป ลำดับ 0396,ประเภทจำลอง 04 - พื้นที่สาธารณะ,เขตจำลอง 06,ชุมชนจำลอง 08,31/01/2570,12/02/2570,ประเมินผลเสร็จสิ้น,,กลาง,,เจ้าหน้าที่จำลอง 03,
ส่วนงานจำลอง 01,ฝ่ายจำลอง 05,MOCK-0397,รายการจำลองซ่อมแซมทั่วไป ลำดับ 0397,ประเภทจำลอง 05 - อาคาร,เขตจำลอง 01,ชุมชนจำลอง 01,01/02/2570,20/02/2570,ประเมินผลเสร็จสิ้น,,กลาง,,เจ้าหน้าที่จำลอง 01,
ส่วนงานจำลอง 02,ฝ่ายจำลอง 08,MOCK-0398,รายการจำลองข้อมูลทั่วไป ลำดับ 0398,ประเภทจำลอง 06 - ความสะอาด,เขตจำลอง 02,ชุมชนจำลอง 06,02/02/2570,28/02/2570,ประเมินผลเสร็จสิ้น,,ต่ำ,,เจ้าหน้าที่จำลอง 02,
ส่วนงานจำลอง 03,ฝ่ายจำลอง 03,MOCK-0399,รายการจำลองข้อมูลทั่วไป ลำดับ 0399,ประเภทจำลอง 07 - ป้าย,เขตจำลอง 03,ชุมชนจำลอง 11,03/02/2570,08/03/2570,ประเมินผลเสร็จสิ้น,,ต่ำ,,เจ้าหน้าที่จำลอง 03,
ส่วนงานจำลอง 01,ฝ่ายจำลอง 06,MOCK-0400,รายการจำลองข้อมูลทั่วไป ลำดับ 0400,ประเภทจำลอง 08 - อื่นๆ,เขตจำลอง 04,ชุมชนจำลอง 04,04/02/2570,16/03/2570,ประเมินผลเสร็จสิ้น,,ต่ำ,,เจ้าหน้าที่จำลอง 01,
ส่วนงานจำลอง 02,ฝ่ายจำลอง 01,MOCK-0401,รายการจำลองเร่งด่วนไฟดับ ลำดับ 0401,ประเภทจำลอง 01 - ไฟฟ้า,เขตจำลอง 05,ชุมชนจำลอง 09,05/02/2570,24/03/2570,ประเมินผลเสร็จสิ้น,,สูง,,เจ้าหน้าที่จำลอง 02,
ส่วนงานจำลอง 03,ฝ่ายจำลอง 04,MOCK-0402,รายการจำลองเร่งด่วนไฟดับ ลำดับ 0402,ประเภทจำลอง 02 - ระบายน้ำ,เขตจำลอง 06,ชุมชนจำลอง 02,06/02/2570,01/04/2570,ประเมินผลเสร็จสิ้น,,สูง,,เจ้าหน้าที่จำลอง 03,
ส่วนงานจำลอง 01,ฝ่ายจำลอง 07,MOCK-0403,รายการจำลองเร่งด่วนไฟดับ ลำดับ 0403,ประเภทจำลอง 03 - ถนน,เขตจำลอง 01,ชุมชนจำลอง 07,07/02/2570,16/02/2570,ประเมินผลเสร็จสิ้น,,สูง,,เจ้าหน้าที่จำลอง 01,
ส่วนงานจำลอง 02,ฝ่ายจำลอง 02,MOCK-0404,รายการจำลองซ่อมแซมทั่วไป ลำดับ 0404,ประเภทจำลอง 04 - พื้นที่สาธารณะ,เขตจำลอง 02,ชุมชนจำลอง 12,08/02/2570,24/02/2570,ประเมินผลเสร็จสิ้น,,กลาง,,เจ้าหน้าที่จำลอง 02,
ส่วนงานจำลอง 03,ฝ่ายจำลอง 05,MOCK-0405,รายการจำลองซ่อมแซมทั่วไป ลำดับ 0405,ประเภทจำลอง 05 - อาคาร,เขตจำลอง 03,ชุมชนจำลอง 05,09/02/2570,04/03/2570,ประเมินผลเสร็จสิ้น,,กลาง,,เจ้าหน้าที่จำลอง 03,
ส่วนงานจำลอง 01,ฝ่ายจำลอง 08,MOCK-0406,รายการจำลองซ่อมแซมทั่วไป ลำดับ 0406,ประเภทจำลอง 06 - ความสะอาด,เขตจำลอง 04,ชุมชนจำลอง 10,10/02/2570,12/03/2570,ประเมินผลเสร็จสิ้น,,กลาง,,เจ้าหน้าที่จำลอง 01,
ส่วนงานจำลอง 02,ฝ่ายจำลอง 03,MOCK-0407,รายการจำลองซ่อมแซมทั่วไป ลำดับ 0407,ประเภทจำลอง 07 - ป้าย,เขตจำลอง 05,ชุมชนจำลอง 03,11/02/2570,20/03/2570,ประเมินผลเสร็จสิ้น,,กลาง,,เจ้าหน้าที่จำลอง 02,
ส่วนงานจำลอง 03,ฝ่ายจำลอง 06,MOCK-0408,รายการจำลองข้อมูลทั่วไป ลำดับ 0408,ประเภทจำลอง 08 - อื่นๆ,เขตจำลอง 06,ชุมชนจำลอง 08,12/02/2570,28/03/2570,ประเมินผลเสร็จสิ้น,,ต่ำ,,เจ้าหน้าที่จำลอง 03,
ส่วนงานจำลอง 01,ฝ่ายจำลอง 01,MOCK-0409,รายการจำลองข้อมูลทั่วไป ลำดับ 0409,ประเภทจำลอง 01 - ไฟฟ้า,เขตจำลอง 01,ชุมชนจำลอง 01,13/02/2570,05/04/2570,ประเมินผลเสร็จสิ้น,,ต่ำ,,เจ้าหน้าที่จำลอง 01,
ส่วนงานจำลอง 02,ฝ่ายจำลอง 04,MOCK-0410,รายการจำลองข้อมูลทั่วไป ลำดับ 0410,ประเภทจำลอง 02 - ระบายน้ำ,เขตจำลอง 02,ชุมชนจำลอง 06,14/02/2570,20/02/2570,ประเมินผลเสร็จสิ้น,,ต่ำ,,เจ้าหน้าที่จำลอง 02,
ส่วนงานจำลอง 03,ฝ่ายจำลอง 07,MOCK-0411,รายการจำลองเร่งด่วนไฟดับ ลำดับ 0411,ประเภทจำลอง 03 - ถนน,เขตจำลอง 03,ชุมชนจำลอง 11,15/02/2570,28/02/2570,ประเมินผลเสร็จสิ้น,,สูง,,เจ้าหน้าที่จำลอง 03,
ส่วนงานจำลอง 01,ฝ่ายจำลอง 02,MOCK-0412,รายการจำลองเร่งด่วนไฟดับ ลำดับ 0412,ประเภทจำลอง 04 - พื้นที่สาธารณะ,เขตจำลอง 04,ชุมชนจำลอง 04,16/02/2570,08/03/2570,ประเมินผลเสร็จสิ้น,,สูง,,เจ้าหน้าที่จำลอง 01,
ส่วนงานจำลอง 02,ฝ่ายจำลอง 05,MOCK-0413,รายการจำลองเร่งด่วนไฟดับ ลำดับ 0413,ประเภทจำลอง 05 - อาคาร,เขตจำลอง 05,ชุมชนจำลอง 09,17/02/2570,16/03/2570,ประเมินผลเสร็จสิ้น,,สูง,,เจ้าหน้าที่จำลอง 02,
ส่วนงานจำลอง 03,ฝ่ายจำลอง 08,MOCK-0414,รายการจำลองซ่อมแซมทั่วไป ลำดับ 0414,ประเภทจำลอง 06 - ความสะอาด,เขตจำลอง 06,ชุมชนจำลอง 02,18/02/2570,24/03/2570,ประเมินผลเสร็จสิ้น,,กลาง,,เจ้าหน้าที่จำลอง 03,
ส่วนงานจำลอง 01,ฝ่ายจำลอง 03,MOCK-0415,รายการจำลองซ่อมแซมทั่วไป ลำดับ 0415,ประเภทจำลอง 07 - ป้าย,เขตจำลอง 01,ชุมชนจำลอง 07,19/02/2570,01/04/2570,ประเมินผลเสร็จสิ้น,,กลาง,,เจ้าหน้าที่จำลอง 01,
ส่วนงานจำลอง 02,ฝ่ายจำลอง 06,MOCK-0416,รายการจำลองซ่อมแซมทั่วไป ลำดับ 0416,ประเภทจำลอง 08 - อื่นๆ,เขตจำลอง 02,ชุมชนจำลอง 12,20/02/2570,09/04/2570,ประเมินผลเสร็จสิ้น,,กลาง,,เจ้าหน้าที่จำลอง 02,
ส่วนงานจำลอง 03,ฝ่ายจำลอง 01,MOCK-0417,รายการจำลองซ่อมแซมทั่วไป ลำดับ 0417,ประเภทจำลอง 01 - ไฟฟ้า,เขตจำลอง 03,ชุมชนจำลอง 05,21/02/2570,24/02/2570,ประเมินผลเสร็จสิ้น,,กลาง,,เจ้าหน้าที่จำลอง 03,
ส่วนงานจำลอง 01,ฝ่ายจำลอง 04,MOCK-0418,รายการจำลองข้อมูลทั่วไป ลำดับ 0418,ประเภทจำลอง 02 - ระบายน้ำ,เขตจำลอง 04,ชุมชนจำลอง 10,22/02/2570,04/03/2570,ประเมินผลเสร็จสิ้น,,ต่ำ,,เจ้าหน้าที่จำลอง 01,
ส่วนงานจำลอง 02,ฝ่ายจำลอง 07,MOCK-0419,รายการจำลองข้อมูลทั่วไป ลำดับ 0419,ประเภทจำลอง 03 - ถนน,เขตจำลอง 05,ชุมชนจำลอง 03,23/02/2570,12/03/2570,ประเมินผลเสร็จสิ้น,,ต่ำ,,เจ้าหน้าที่จำลอง 02,
ส่วนงานจำลอง 03,ฝ่ายจำลอง 02,MOCK-0420,รายการจำลองข้อมูลทั่วไป ลำดับ 0420,ประเภทจำลอง 04 - พื้นที่สาธารณะ,เขตจำลอง 06,ชุมชนจำลอง 08,24/02/2570,20/03/2570,ประเมินผลเสร็จสิ้น,,ต่ำ,,เจ้าหน้าที่จำลอง 03,
ส่วนงานจำลอง 01,ฝ่ายจำลอง 05,MOCK-0421,รายการจำลองเร่งด่วนไฟดับ ลำดับ 0421,ประเภทจำลอง 05 - อาคาร,เขตจำลอง 01,ชุมชนจำลอง 01,25/02/2570,28/03/2570,ประเมินผลเสร็จสิ้น,,สูง,,เจ้าหน้าที่จำลอง 01,
ส่วนงานจำลอง 02,ฝ่ายจำลอง 08,MOCK-0422,รายการจำลองเร่งด่วนไฟดับ ลำดับ 0422,ประเภทจำลอง 06 - ความสะอาด,เขตจำลอง 02,ชุมชนจำลอง 06,26/02/2570,05/04/2570,ประเมินผลเสร็จสิ้น,,สูง,,เจ้าหน้าที่จำลอง 02,
ส่วนงานจำลอง 03,ฝ่ายจำลอง 03,MOCK-0423,รายการจำลองเร่งด่วนไฟดับ ลำดับ 0423,ประเภทจำลอง 07 - ป้าย,เขตจำลอง 03,ชุมชนจำลอง 11,27/02/2570,13/04/2570,ประเมินผลเสร็จสิ้น,,สูง,,เจ้าหน้าที่จำลอง 03,
ส่วนงานจำลอง 01,ฝ่ายจำลอง 06,MOCK-0424,รายการจำลองซ่อมแซมทั่วไป ลำดับ 0424,ประเภทจำลอง 08 - อื่นๆ,เขตจำลอง 04,ชุมชนจำลอง 04,28/02/2570,21/04/2570,ประเมินผลเสร็จสิ้น,,กลาง,,เจ้าหน้าที่จำลอง 01,
ส่วนงานจำลอง 02,ฝ่ายจำลอง 01,MOCK-0425,รายการจำลองซ่อมแซมทั่วไป ลำดับ 0425,ประเภทจำลอง 01 - ไฟฟ้า,เขตจำลอง 05,ชุมชนจำลอง 09,01/03/2570,08/03/2570,ประเมินผลเสร็จสิ้น,,กลาง,,เจ้าหน้าที่จำลอง 02,
ส่วนงานจำลอง 03,ฝ่ายจำลอง 04,MOCK-0426,รายการจำลองซ่อมแซมทั่วไป ลำดับ 0426,ประเภทจำลอง 02 - ระบายน้ำ,เขตจำลอง 06,ชุมชนจำลอง 02,02/03/2570,16/03/2570,ประเมินผลเสร็จสิ้น,,กลาง,,เจ้าหน้าที่จำลอง 03,
ส่วนงานจำลอง 01,ฝ่ายจำลอง 07,MOCK-0427,รายการจำลองซ่อมแซมทั่วไป ลำดับ 0427,ประเภทจำลอง 03 - ถนน,เขตจำลอง 01,ชุมชนจำลอง 07,03/03/2570,24/03/2570,ประเมินผลเสร็จสิ้น,,กลาง,,เจ้าหน้าที่จำลอง 01,
ส่วนงานจำลอง 02,ฝ่ายจำลอง 02,MOCK-0428,รายการจำลองข้อมูลทั่วไป ลำดับ 0428,ประเภทจำลอง 04 - พื้นที่สาธารณะ,เขตจำลอง 02,ชุมชนจำลอง 12,04/03/2570,01/04/2570,ประเมินผลเสร็จสิ้น,,ต่ำ,,เจ้าหน้าที่จำลอง 02,
ส่วนงานจำลอง 03,ฝ่ายจำลอง 05,MOCK-0429,รายการจำลองข้อมูลทั่วไป ลำดับ 0429,ประเภทจำลอง 05 - อาคาร,เขตจำลอง 03,ชุมชนจำลอง 05,05/03/2570,09/04/2570,ประเมินผลเสร็จสิ้น,,ต่ำ,,เจ้าหน้าที่จำลอง 03,
ส่วนงานจำลอง 01,ฝ่ายจำลอง 08,MOCK-0430,รายการจำลองข้อมูลทั่วไป ลำดับ 0430,ประเภทจำลอง 06 - ความสะอาด,เขตจำลอง 04,ชุมชนจำลอง 10,06/03/2570,17/04/2570,ประเมินผลเสร็จสิ้น,,ต่ำ,,เจ้าหน้าที่จำลอง 01,
ส่วนงานจำลอง 02,ฝ่ายจำลอง 03,MOCK-0431,รายการจำลองเร่งด่วนไฟดับ ลำดับ 0431,ประเภทจำลอง 07 - ป้าย,เขตจำลอง 05,ชุมชนจำลอง 03,07/03/2570,25/04/2570,ประเมินผลเสร็จสิ้น,,สูง,,เจ้าหน้าที่จำลอง 02,
ส่วนงานจำลอง 03,ฝ่ายจำลอง 06,MOCK-0432,รายการจำลองเร่งด่วนไฟดับ ลำดับ 0432,ประเภทจำลอง 08 - อื่นๆ,เขตจำลอง 06,ชุมชนจำลอง 08,08/03/2570,12/03/2570,ประเมินผลเสร็จสิ้น,,สูง,,เจ้าหน้าที่จำลอง 03,
ส่วนงานจำลอง 01,ฝ่ายจำลอง 01,MOCK-0433,รายการจำลองเร่งด่วนไฟดับ ลำดับ 0433,ประเภทจำลอง 01 - ไฟฟ้า,เขตจำลอง 01,ชุมชนจำลอง 01,09/03/2570,20/03/2570,ประเมินผลเสร็จสิ้น,,สูง,,เจ้าหน้าที่จำลอง 01,
ส่วนงานจำลอง 02,ฝ่ายจำลอง 04,MOCK-0434,รายการจำลองซ่อมแซมทั่วไป ลำดับ 0434,ประเภทจำลอง 02 - ระบายน้ำ,เขตจำลอง 02,ชุมชนจำลอง 06,10/03/2570,28/03/2570,ประเมินผลเสร็จสิ้น,,กลาง,,เจ้าหน้าที่จำลอง 02,
ส่วนงานจำลอง 03,ฝ่ายจำลอง 07,MOCK-0435,รายการจำลองซ่อมแซมทั่วไป ลำดับ 0435,ประเภทจำลอง 03 - ถนน,เขตจำลอง 03,ชุมชนจำลอง 11,11/03/2570,05/04/2570,ประเมินผลเสร็จสิ้น,,กลาง,,เจ้าหน้าที่จำลอง 03,
ส่วนงานจำลอง 01,ฝ่ายจำลอง 02,MOCK-0436,รายการจำลองซ่อมแซมทั่วไป ลำดับ 0436,ประเภทจำลอง 04 - พื้นที่สาธารณะ,เขตจำลอง 04,ชุมชนจำลอง 04,12/03/2570,13/04/2570,ประเมินผลเสร็จสิ้น,,กลาง,,เจ้าหน้าที่จำลอง 01,
ส่วนงานจำลอง 02,ฝ่ายจำลอง 05,MOCK-0437,รายการจำลองซ่อมแซมทั่วไป ลำดับ 0437,ประเภทจำลอง 05 - อาคาร,เขตจำลอง 05,ชุมชนจำลอง 09,13/03/2570,21/04/2570,ประเมินผลเสร็จสิ้น,,กลาง,,เจ้าหน้าที่จำลอง 02,
ส่วนงานจำลอง 03,ฝ่ายจำลอง 08,MOCK-0438,รายการจำลองข้อมูลทั่วไป ลำดับ 0438,ประเภทจำลอง 06 - ความสะอาด,เขตจำลอง 06,ชุมชนจำลอง 02,14/03/2570,29/04/2570,ประเมินผลเสร็จสิ้น,,ต่ำ,,เจ้าหน้าที่จำลอง 03,
ส่วนงานจำลอง 01,ฝ่ายจำลอง 03,MOCK-0439,รายการจำลองข้อมูลทั่วไป ลำดับ 0439,ประเภทจำลอง 07 - ป้าย,เขตจำลอง 01,ชุมชนจำลอง 07,15/03/2570,07/05/2570,ประเมินผลเสร็จสิ้น,,ต่ำ,,เจ้าหน้าที่จำลอง 01,
ส่วนงานจำลอง 02,ฝ่ายจำลอง 06,MOCK-0440,รายการจำลองข้อมูลทั่วไป ลำดับ 0440,ประเภทจำลอง 08 - อื่นๆ,เขตจำลอง 02,ชุมชนจำลอง 12,16/03/2570,24/03/2570,ประเมินผลเสร็จสิ้น,,ต่ำ,,เจ้าหน้าที่จำลอง 02,
ส่วนงานจำลอง 03,ฝ่ายจำลอง 01,MOCK-0441,รายการจำลองเร่งด่วนไฟดับ ลำดับ 0441,ประเภทจำลอง 01 - ไฟฟ้า,เขตจำลอง 03,ชุมชนจำลอง 05,17/03/2570,01/04/2570,ประเมินผลเสร็จสิ้น,,สูง,,เจ้าหน้าที่จำลอง 03,
ส่วนงานจำลอง 01,ฝ่ายจำลอง 04,MOCK-0442,รายการจำลองเร่งด่วนไฟดับ ลำดับ 0442,ประเภทจำลอง 02 - ระบายน้ำ,เขตจำลอง 04,ชุมชนจำลอง 10,18/03/2570,09/04/2570,ประเมินผลเสร็จสิ้น,,สูง,,เจ้าหน้าที่จำลอง 01,
ส่วนงานจำลอง 02,ฝ่ายจำลอง 07,MOCK-0443,รายการจำลองเร่งด่วนไฟดับ ลำดับ 0443,ประเภทจำลอง 03 - ถนน,เขตจำลอง 05,ชุมชนจำลอง 03,19/03/2570,17/04/2570,ประเมินผลเสร็จสิ้น,,สูง,,เจ้าหน้าที่จำลอง 02,
ส่วนงานจำลอง 03,ฝ่ายจำลอง 02,MOCK-0444,รายการจำลองซ่อมแซมทั่วไป ลำดับ 0444,ประเภทจำลอง 04 - พื้นที่สาธารณะ,เขตจำลอง 06,ชุมชนจำลอง 08,20/03/2570,25/04/2570,ประเมินผลเสร็จสิ้น,,กลาง,,เจ้าหน้าที่จำลอง 03,
ส่วนงานจำลอง 01,ฝ่ายจำลอง 05,MOCK-0445,รายการจำลองซ่อมแซมทั่วไป ลำดับ 0445,ประเภทจำลอง 05 - อาคาร,เขตจำลอง 01,ชุมชนจำลอง 01,21/03/2570,03/05/2570,ประเมินผลเสร็จสิ้น,,กลาง,,เจ้าหน้าที่จำลอง 01,
ส่วนงานจำลอง 02,ฝ่ายจำลอง 08,MOCK-0446,รายการจำลองซ่อมแซมทั่วไป ลำดับ 0446,ประเภทจำลอง 06 - ความสะอาด,เขตจำลอง 02,ชุมชนจำลอง 06,22/03/2570,11/05/2570,ประเมินผลเสร็จสิ้น,,กลาง,,เจ้าหน้าที่จำลอง 02,
ส่วนงานจำลอง 03,ฝ่ายจำลอง 03,MOCK-0447,รายการจำลองซ่อมแซมทั่วไป ลำดับ 0447,ประเภทจำลอง 07 - ป้าย,เขตจำลอง 03,ชุมชนจำลอง 11,23/03/2570,28/03/2570,ประเมินผลเสร็จสิ้น,,กลาง,,เจ้าหน้าที่จำลอง 03,
ส่วนงานจำลอง 01,ฝ่ายจำลอง 06,MOCK-0448,รายการจำลองข้อมูลทั่วไป ลำดับ 0448,ประเภทจำลอง 08 - อื่นๆ,เขตจำลอง 04,ชุมชนจำลอง 04,24/03/2570,05/04/2570,ประเมินผลเสร็จสิ้น,,ต่ำ,,เจ้าหน้าที่จำลอง 01,
ส่วนงานจำลอง 02,ฝ่ายจำลอง 01,MOCK-0449,รายการจำลองข้อมูลทั่วไป ลำดับ 0449,ประเภทจำลอง 01 - ไฟฟ้า,เขตจำลอง 05,ชุมชนจำลอง 09,25/03/2570,13/04/2570,ประเมินผลเสร็จสิ้น,,ต่ำ,,เจ้าหน้าที่จำลอง 02,
ส่วนงานจำลอง 03,ฝ่ายจำลอง 04,MOCK-0450,รายการจำลองข้อมูลทั่วไป ลำดับ 0450,ประเภทจำลอง 02 - ระบายน้ำ,เขตจำลอง 06,ชุมชนจำลอง 02,26/03/2570,21/04/2570,ประเมินผลเสร็จสิ้น,,ต่ำ,,เจ้าหน้าที่จำลอง 03,
ส่วนงานจำลอง 01,ฝ่ายจำลอง 07,MOCK-0451,รายการจำลองเร่งด่วนไฟดับ ลำดับ 0451,ประเภทจำลอง 03 - ถนน,เขตจำลอง 01,ชุมชนจำลอง 07,27/03/2570,29/04/2570,ประเมินผลเสร็จสิ้น,,สูง,,เจ้าหน้าที่จำลอง 01,
ส่วนงานจำลอง 02,ฝ่ายจำลอง 02,MOCK-0452,รายการจำลองเร่งด่วนไฟดับ ลำดับ 0452,ประเภทจำลอง 04 - พื้นที่สาธารณะ,เขตจำลอง 02,ชุมชนจำลอง 12,28/03/2570,07/05/2570,ประเมินผลเสร็จสิ้น,,สูง,,เจ้าหน้าที่จำลอง 02,
ส่วนงานจำลอง 03,ฝ่ายจำลอง 05,MOCK-0453,รายการจำลองเร่งด่วนไฟดับ ลำดับ 0453,ประเภทจำลอง 05 - อาคาร,เขตจำลอง 03,ชุมชนจำลอง 05,29/03/2570,,รอช่างรับเรื่อง,,สูง,,,
ส่วนงานจำลอง 01,ฝ่ายจำลอง 08,MOCK-0454,รายการจำลองซ่อมแซมทั่วไป ลำดับ 0454,ประเภทจำลอง 06 - ความสะอาด,เขตจำลอง 04,ชุมชนจำลอง 10,30/03/2570,,กำลังดำเนินการ,,กลาง,,,
ส่วนงานจำลอง 02,ฝ่ายจำลอง 03,MOCK-0455,รายการจำลองซ่อมแซมทั่วไป ลำดับ 0455,ประเภทจำลอง 07 - ป้าย,เขตจำลอง 05,ชุมชนจำลอง 03,31/03/2570,,อยู่ระหว่างการติดตาม,,กลาง,,,
ส่วนงานจำลอง 03,ฝ่ายจำลอง 06,MOCK-0456,รายการจำลองซ่อมแซมทั่วไป ลำดับ 0456,ประเภทจำลอง 08 - อื่นๆ,เขตจำลอง 06,ชุมชนจำลอง 08,01/04/2570,,ส่งต่อหน่วยงานจำลอง,,กลาง,,,
ส่วนงานจำลอง 01,ฝ่ายจำลอง 01,MOCK-0457,รายการจำลองซ่อมแซมทั่วไป ลำดับ 0457,ประเภทจำลอง 01 - ไฟฟ้า,เขตจำลอง 01,ชุมชนจำลอง 01,02/04/2570,,รอช่างรับเรื่อง,,กลาง,,,
ส่วนงานจำลอง 02,ฝ่ายจำลอง 04,MOCK-0458,รายการจำลองข้อมูลทั่วไป ลำดับ 0458,ประเภทจำลอง 02 - ระบายน้ำ,เขตจำลอง 02,ชุมชนจำลอง 06,03/04/2570,,กำลังดำเนินการ,,ต่ำ,,,
ส่วนงานจำลอง 03,ฝ่ายจำลอง 07,MOCK-0459,รายการจำลองข้อมูลทั่วไป ลำดับ 0459,ประเภทจำลอง 03 - ถนน,เขตจำลอง 03,ชุมชนจำลอง 11,04/04/2570,,อยู่ระหว่างการติดตาม,,ต่ำ,,,
ส่วนงานจำลอง 01,ฝ่ายจำลอง 02,MOCK-0460,รายการจำลองข้อมูลทั่วไป ลำดับ 0460,ประเภทจำลอง 04 - พื้นที่สาธารณะ,เขตจำลอง 04,ชุมชนจำลอง 04,05/04/2570,,ส่งต่อหน่วยงานจำลอง,,ต่ำ,,,
ส่วนงานจำลอง 02,ฝ่ายจำลอง 05,MOCK-0461,รายการจำลองเร่งด่วนไฟดับ ลำดับ 0461,ประเภทจำลอง 05 - อาคาร,เขตจำลอง 05,ชุมชนจำลอง 09,06/04/2570,,รอช่างรับเรื่อง,,สูง,,,
ส่วนงานจำลอง 03,ฝ่ายจำลอง 08,MOCK-0462,รายการจำลองเร่งด่วนไฟดับ ลำดับ 0462,ประเภทจำลอง 06 - ความสะอาด,เขตจำลอง 06,ชุมชนจำลอง 02,07/04/2570,,กำลังดำเนินการ,,สูง,,,
ส่วนงานจำลอง 01,ฝ่ายจำลอง 03,MOCK-0463,รายการจำลองเร่งด่วนไฟดับ ลำดับ 0463,ประเภทจำลอง 07 - ป้าย,เขตจำลอง 01,ชุมชนจำลอง 07,08/04/2570,,อยู่ระหว่างการติดตาม,,สูง,,,
ส่วนงานจำลอง 02,ฝ่ายจำลอง 06,MOCK-0464,รายการจำลองซ่อมแซมทั่วไป ลำดับ 0464,ประเภทจำลอง 08 - อื่นๆ,เขตจำลอง 02,ชุมชนจำลอง 12,09/04/2570,,ส่งต่อหน่วยงานจำลอง,,กลาง,,,
